TYPE,COUNTRY,CODE,DESCRIPTION,HASFLASHPOINTLOWER,FLASHPOINTLOWER,HASFLASHPOINTUPPER,FLASHPOINTUPPER
ICPE,FR,4220,Stockage de produits explosifs,0,0,0,0
ICPE,FR,4240.1,Stockage de produits explosibles,0,0,0,0
ICPE,FR,4701.1,Stockage de nitrate d’ammonium,0,0,0,0
ICPE,FR,4749,Stockage de perchlorate d’ammonium,0,0,0,0
ICPE,FR,4719,Stockage d'acétylène,0,0,0,0
ICPE,FR,9999,Non repris dans la nomenclature ICPE,0,0,0,0
ICPE,FR,4442,Stockage de gaz comburants Cat. 1,0,0,0,0
ICPE,FR,4735,Stockage d'ammoniac,0,0,0,0
ICPE,FR,4736,Stockage de trifluorure de bore,0,0,0,0
ICPE,FR,1185.3,"Stockage de fluides vierges, recyclés ou régénérés contenant du gaz à effet de serre fluorés ou substances qui appauvrissent la couche d’ozone",0,0,0,0
ICPE,FR,4718,Stockage de gaz inflammables liquéfiés de cat. 1 et 2,0,0,0,0
ICPE,FR,4310,Stockage de gaz inflammables cat. 1 et 2,0,0,0,0
ICPE,FR,4710,Stockage de chlore,0,0,0,0
ICPE,FR,4720,Stockage d'oxyde d’éthylène,0,0,0,0
ICPE,FR,4110.3,Stockage de toxique aiguë cat. 1 (gaz ou gaz liquéfiés),0,0,0,0
ICPE,FR,4130.3,Stockage de toxique aiguë cat. 3 pour les voies d’exposition par inhalation (gaz ou gaz liquéfiés),0,0,0,0
ICPE,FR,4715,Stockage d'hydrogène,0,0,0,0
ICPE,FR,4716,Stockage de chlorure d’hydrogène (gaz liquéfié),0,0,0,0
ICPE,FR,4110.2,Stockage de toxique aiguë cat. 1 (liquide),0,0,0,0
ICPE,FR,4737,Stockage de sulfure d’hydrogène,0,0,0,0
ICPE,FR,4725,Stockage d'oxygène,0,0,0,0
ICPE,FR,4331,Stockage de liquides inflammables de cat. 2 ou 3,0,0,0,0
ICPE,FR,4330,Stockage de liquides inflammables de cat. 1,0,0,0,0
ICPE,FR,4130.2,Stockage de toxique aiguë cat. 3 pour les voies d’exposition par inhalation (liquide),0,0,0,0
ICPE,FR,4140.2,Stockage de toxique aiguë cat. 3 pour la voie d’exposition orale (liquide),0,0,0,0
ICPE,FR,4511,Stockage de dangereux pour l’environnement aquatique de cat. chronique 2,0,0,0,0
ICPE,FR,4510,Stockage de dangereux pour l’environnement aquatique de cat. aiguë 1 ou chronique 1,0,0,0,0
ICPE,FR,4733,Stockage de cancérogènes spécifiques,0,0,0,0
ICPE,FR,4120.2,Stockage de toxique aiguë cat. 2 (liquide),0,0,0,0
ICPE,FR,4620,"Substances et mélanges qui, au contact de l’eau, dégagent des gaz inflammables, cat. 1",0,0,0,0
ICPE,FR,4712,Stockage d'éthylèneimine,0,0,0,0
ICPE,FR,4714,Stockage de formaldéhyde,0,0,0,0
ICPE,FR,4734,Stockage de produits pétroliers spécifiques et carburants de substitution,0,0,0,0
ICPE,FR,4441,"Stockage de liquides comburants cat. 1, 2 ou 3",0,0,0,0
ICPE,FR,4722,Stockage de méthanol,0,0,0,0
ICPE,FR,4742,Stockage de propylamine,0,0,0,0
ICPE,FR,4721,Stockage d'oxyde de propylène,0,0,0,0
ICPE,FR,1450,Stockage de solides inflammables,0,0,0,0
ICPE,FR,4130.1,Stockage de toxique aiguë cat. 3 pour les voies d’exposition par inhalation (solide),0,0,0,0
ICPE,FR,4120.1,Stockage de toxique aiguë cat. 2 (solide),0,0,0,0
ICPE,FR,4801,"Stockage de houille, coke, lignite, charbon de bois, goudron, asphalte, brais et matières bitumineuses",0,0,0,0
ICPE,FR,4430,Stockage de solides pyrophoriques cat. 1,0,0,0,0
ICPE,FR,4110.1,Stockage de toxique aiguë cat. 1 (solide),0,0,0,0
ICPE,FR,4630,"Stockage de substances ou mélanges avec la mention de danger EUH029 (au contact de l’eau, dégage des gaz toxiques)",0,0,0,0
ICPE,FR,4610,Stockage de substances ou mélanges avec la mention de danger EUH014 (réagit violemment au contact de l’eau),0,0,0,0
ICPE,FR,1455,Stockage de carbure de calcium,0,0,0,0
ICPE,FR,4440,"Stockage de solides comburants cat. 1, 2 ou 3",0,0,0,0
ICPE,FR,4706,Stockage de nitrate de potassium et engrais composés à base de nitrate de potassium (sous forme de cristaux),0,0,0,0
ICPE,FR,4705,Stockage de nitrate de potassium et engrais composés à base de nitrate de potassium (sous forme de comprimés ou de granulés),0,0,0,0
ICPE,FR,4140.1,Stockage de toxique aiguë cat. 3 pour la voie d’exposition orale (solide),0,0,0,0
ICPE,FR,4707,"Stockage de pentoxyde d’arsenic, acide (V) arsénique et/ou ses sels",0,0,0,0
ICPE,FR,4708,"Stockage de trioxyde d’arsenic, acide (III) arsénique et/ou ses sels",0,0,0,0
ICPE,FR,4120.3,Stockage de toxique aiguë cat. 2 (gaz ou gaz liquéfiés),0,0,0,0
ICPE,FR,4709,Stockage de brome,0,0,0,0
ICPE,FR,1630,Stockage de lessives de soude ou potasse caustique,0,0,0,0
ICPE,FR,4731,Stockage de trioxyde de soufre,0,0,0,0
ICPE,FR,4746,Stockage d'acrylate de méthyle,0,0,0,0
ICPE,FR,4320,"Stockage d'aérosols extrêmement inflammables ou inflammables de cat. 1 ou 2, contenant des gaz inflammables de cat. 1 ou 2 ou des liquides inflammables de cat. 1",0,0,0,0
ICPE,FR,4702,Engrais solides simples et composés à base de nitrate d’ammonium,0,0,0,0
ICPE,FR,4726,"Stockage de 2,4-diisocyanate de toluène ou 2,6-diisocyanate de toluène",0,0,0,0
ICPE,FR,4728,Stockage d'arsine (trihydrure d’arsenic),0,0,0,0
ICPE,FR,4729,Stockage de phosphine (trihydrure de phosphore),0,0,0,0
ICPE,FR,2662,"Stockage de polymères (matières plastiques, caoutchoucs, élastomères, résines et adhésifs synthétiques)",0,0,0,0
ICPE,FR,4738,Stockage de pipéridine,0,0,0,0
ICPE,FR,4724,Stockage d'isocyanate de méthyle,0,0,0,0
ICPE,FR,4150,Stockage de toxique spécifique pour certains organes cibles (STOT) exposition unique catégorie 1,0,0,0,0
ICPE,FR,4150.1,Stockage de toxique spécifique pour certains organes cibles (STOT) exposition unique catégorie 1 supérieur ou égal à 20T,0,0,0,0
ICPE,FR,4431,Stockage de liquides pyrophoriques cat. 1,0,0,0,0
ICPE,FR,1716,Stockage de substances radioactives,0,0,0,0
ICPE,FR,4755.2,Stockage d'alcools de bouche d’origine agricole et leurs constituants,0,0,0,0
ICPE,FR,4420,Stockage de peroxydes organiques type A ou type B,0,0,0,0
ICPE,FR,4421,Stockage de peroxydes organiques type C ou type D,0,0,0,0
ICPE,FR,4422,Stockage de peroxydes organiques type E ou type F,0,0,0,0
ICPE,FR,4410,Stockage de substances et mélanges auto-réactifs type A ou type B,0,0,0,0
ICPE,FR,4411,"Stockage de substances et mélanges auto-réactifs type C, D, E ou F",0,0,0,0
ICPE,FR,1436,Stockage de liquides de point éclair compris entre 60°C et 93°C,0,0,0,0
ICPE,FR,4748,Stockage de 1-bromo-3-chloropropane,0,0,0,0
ICPE,FR,4741,Stockage de mélanges d’hypochlorite de sodium classés dans la catégorie de toxicité aquatique aiguë 1 [H400],0,0,0,0
ICPE,FR,4713,Stockage de fluor,0,0,0,0
ICPE,FR,4703,Stockage de nitrate d’ammonium ou d’engrais hors spécification,0,0,0,0
ICPE,FR,4701,Stockage de nitrate d’ammonium,0,0,0,0
ICPE,FR,4240,"Stockage de Produits explosibles, à l'exclusion des produits explosifs",0,0,0,0
ICPE,FR,4120,"Stockage de toxique aiguë catégorie 2, pour l'une au moins des voies d'exposition",0,0,0,0
ICPE,FR,1510,"Stockage de matières, produits ou substances combustibles dans des entrepôts couverts",0,0,0,0
ICPE,FR,1530,"Dépôts de papiers, cartons ou matériaux combustibles analogues",0,0,0,0
ICPE,FR,1532,Stockage de bois ou de matériaux combustibles analogues,0,0,0,0
ICPE,FR,2663.1,"Pneumatiques et produits dont 50% au moins de la masse totale unitaire est composée de polymères (matières plastiques, caoutchoucs, élastomères, résines, etc.) - À l’état alvéolaire ou expansé",0,0,0,0
ICPE,FR,2663.2,"Pneumatiques et produits dont 50% au moins de la masse totale unitaire est composée de polymères (matières plastiques, caoutchoucs, élastomères, résines, etc.) - Autres cas et pneumatiques",0,0,0,0
ICPE,FR,4321,"Stockage d'aérosols « extrêmement inflammables » ou « inflammables » de catégorie 1 ou 2, ne contenant pas de gaz inflammable de catégorie 1 ou 2, ni de liquide inflammable de catégorie 1",0,0,0,0
ICPE,FR,2630,Détergents(*) et savons (fabrication de ou à base de),0,0,0,0
ICPE,FR,2251,"Préparation, conditionnement de vins",0,0,0,0
ICPE,FR,2430,Préparation de la pâte à papier,0,0,0,0
ICPE,FR,3610a,Pâte à papier fabriquée à partir de bois ou d'autres matières fibreuses dans une installation industrielle,0,0,0,0
ICPE,FR,3610b,Papier ou carton fabriqué dans des installations industrielles et d'une capacité de production supérieure à 20 tonnes par jour,0,0,0,0
ICPE,FR,2731,Sous-produits animaux (dépôt ou transit de),0,0,0,0
ICPE,FR,3260,Traitement de surface de métaux ou de matières plastiques par un procédé électrolytique ou chimique pour lequel le volume des cuves affectées au traitement est supérieur à 30 m3,0,0,0,0
ICPE,FR,2564,"Nettoyage, dégraissage, décapage de surfaces par des procédés utilisant des liquides organohalogénés ou des solvants organiques",0,0,0,0
ICPE,FR,2565,"Revêtement métallique ou traitement (nettoyage, décapage, conversion dont phosphatation, polissage, attaque chimique, vibro_abrasion, etc.)",0,0,0,0
ICPE,FR,QHSE,Contacter votre QHSE,0,0,0,0
