1f33bf23f3513b719de7ccc9884bf530,1f33bf23f3513b719de7ccc9884bf53x
20dd72e15041d99e46b2851357dce52f,20dd72e15041d99e46b2851357dce52x
0cf56e56724b1dc1d57fa768b07ee264,0cf56e56724b1dc1d57fa768b07ee26x
89388946dfbb03abf3b7eaf8a924f8c9,89388946dfbb03abf3b7eaf8a924f8cx
9249cb18540cdf7bfe25e70ae844c757,9249cb18540cdf7bfe25e70ae844c75x
a27f52d9109ae4d8fd0da54f826e073b,a27f52d9109ae4d8fd0da54f826e073x
ec1560e14dcdc3865fcbaf0f72f48d7b,ec1560e14dcdc3865fcbaf0f72f48d7x
969cc21991edc9bf76c003630aa531e7,969cc21991edc9bf76c003630aa531ex
c53a7cddbe4bc505b8b6489abb2bee41,c53a7cddbe4bc505b8b6489abb2bee4x
3df0c3ca5ae86ce7579a2e3d605c2c9b,3df0c3ca5ae86ce7579a2e3d605c2c9x
4482d459d7abaff8ff81c00f5f292962,4482d459d7abaff8ff81c00f5f29296x
391de7934919ea306a10760df2353248,391de7934919ea306a10760df235324x
e500315bb01465158a1b60e6c98ad87a,e500315bb01465158a1b60e6c98ad87x
217d8917d530d0d2fd4d2816a07ec70d,217d8917d530d0d2fd4d2816a07ec70x
82ba0890eec3629eea0da5cb81a38277,82ba0890eec3629eea0da5cb81a3827x
281f0645f214f394a3695fea88ed5968,281f0645f214f394a3695fea88ed596x
61b3f2fc710cd71698ed8d8bab4e3743,61b3f2fc710cd71698ed8d8bab4e374x
d16d93c308ebf1c01787955c875d7738,d16d93c308ebf1c01787955c875d773x
094c399ca4cfb3d38bccc3aaac45ebc8,094c399ca4cfb3d38bccc3aaac45ebcx
2bb362d848c85f7b58f46680fff35751,2bb362d848c85f7b58f46680fff3575x
79013bce446f931db61838135513320b,79013bce446f931db61838135513320x
cfa613adb41dfa1c8e3edb2bffcb4476,cfa613adb41dfa1c8e3edb2bffcb447x
23592eeee95c25d074708b9c83e20c4e,23592eeee95c25d074708b9c83e20c4x
a62506fdec77beb3007a0000e171896a,a62506fdec77beb3007a0000e171896x
d26bc174ae4e2c0e8ac62dda405bd2b8,d26bc174ae4e2c0e8ac62dda405bd2bx
c980b446184d818d1f182feae5449bbc,c980b446184d818d1f182feae5449bbx
583de52869f4071a37ca759dfab9b26d,583de52869f4071a37ca759dfab9b26x
d73283139e028395cc2ac5e0fda8bb15,d73283139e028395cc2ac5e0fda8bb1x
dd4204082ee224c58613b099f0b21d03,dd4204082ee224c58613b099f0b21d0x
1b7f33a258e8f1cbf0b3d79e66056aaa,1b7f33a258e8f1cbf0b3d79e66056aax
4331c51d24612935418872a27f83b911,4331c51d24612935418872a27f83b91x
ad1aacb79791582c38dee96073a75679,ad1aacb79791582c38dee96073a7567x
16bbac4a0372d2062d8052d5e11beb4a,16bbac4a0372d2062d8052d5e11beb4x
c83abb990e0ca2b7484ae171f1b64781,c83abb990e0ca2b7484ae171f1b6478x
751d7eb235c1326bbfdb210767316b3c,751d7eb235c1326bbfdb210767316b3x
ec1debe2fbf948fe4fd09bf8318b124a,ec1debe2fbf948fe4fd09bf8318b124x
188763d87273415c4ed0c11ed02473e1,188763d87273415c4ed0c11ed02473ex
283f970a60deb423dbe9c75cee8d10aa,283f970a60deb423dbe9c75cee8d10ax
e9fc368f0219025dce0d0f6fd74f36f0,e9fc368f0219025dce0d0f6fd74f36fx
447973717284f44fd4b725953760bec5,447973717284f44fd4b725953760becx
24db70e6b1959b899d67a5cb1be2d5b0,24db70e6b1959b899d67a5cb1be2d5bx
e610910d9f0fbf205503b1f662480e77,e610910d9f0fbf205503b1f662480e7x
9024fc0589ca9da642c407db93964d8b,9024fc0589ca9da642c407db93964d8x
01dea4fd258a8dfc86730bb9d3ce4b6b,01dea4fd258a8dfc86730bb9d3ce4b6x
43066bddf7684c4d454875057dfad8bb,43066bddf7684c4d454875057dfad8bx
6f0b334363ab6f04b3ef4b4c03695143,6f0b334363ab6f04b3ef4b4c0369514x
be8522ff56943f1136bd2c60cbf32472,be8522ff56943f1136bd2c60cbf3247x
0da0ef4b6eca1adee08fe0165c515a9d,0da0ef4b6eca1adee08fe0165c515a9x
e002c8ee2910eb94afe3b439eac5751f,e002c8ee2910eb94afe3b439eac5751x
7058cacee55796fc8b1c105cb8596607,7058cacee55796fc8b1c105cb859660x
1efe5354c19096d0fa46209ce4929719,1efe5354c19096d0fa46209ce492971x
569b6e99b56a909686ec9ffacbafdd81,569b6e99b56a909686ec9ffacbafdd8x
7311cad473aa539733e7cf3e353f691a,7311cad473aa539733e7cf3e353f691x
640562b9d72bf2b18a86875dee02897f,640562b9d72bf2b18a86875dee02897x
5719fdba1617d10943bb67b45801be28,5719fdba1617d10943bb67b45801be2x
268ff5ab5ee36bed332fe6ef000e59fc,268ff5ab5ee36bed332fe6ef000e59fx
79c3605289591ba46c2be6992c6bbe73,79c3605289591ba46c2be6992c6bbe7x
89fb9a1f5e86b12673dc2b6ce87b0295,89fb9a1f5e86b12673dc2b6ce87b029x
9ea16ef17c55a0012c9e4ebe5699e48d,9ea16ef17c55a0012c9e4ebe5699e48x
ea7ed25003fbd1e9633c491cc15dc430,ea7ed25003fbd1e9633c491cc15dc43x
9044e3c14070e19caff42d97881ee0af,9044e3c14070e19caff42d97881ee0ax
550cd50301ef9ac6e35e692f0ccb7647,550cd50301ef9ac6e35e692f0ccb764x
e4842657f988e989f0ab8fbd7f964447,e4842657f988e989f0ab8fbd7f96444x
5c1a517286ebe56ee4fa970830fa88f3,5c1a517286ebe56ee4fa970830fa88fx
d1a8f429319d923d44bc196256119f0e,d1a8f429319d923d44bc196256119f0x
0279340286e5304a5f3fcaabedf3ac77,0279340286e5304a5f3fcaabedf3ac7x
80b0f7c81edbdab28ff8fba4ecba4269,80b0f7c81edbdab28ff8fba4ecba426x
36bf33be76a83a39f6ec25169202a04c,36bf33be76a83a39f6ec25169202a04x
3632461762e274e26abd0831b0073659,3632461762e274e26abd0831b007365x
414b471f88e975cb3fb06adb62271de3,414b471f88e975cb3fb06adb62271dex
2b88a5a9069fb2176c6c84279a59cf6c,2b88a5a9069fb2176c6c84279a59cf6x
9642a3d1afde294c5e0d4ddd9c7ab80a,9642a3d1afde294c5e0d4ddd9c7ab80x
60a2843315e39605f3600e471d3a623f,60a2843315e39605f3600e471d3a623x
4f38de9a7f0bfa411a09e7a392eb7738,4f38de9a7f0bfa411a09e7a392eb773x
53e566ac7b91622ee4ed54d55093c57c,53e566ac7b91622ee4ed54d55093c57x
6957f61c1e4c34fa0fb6f7c9b7eb32c2,6957f61c1e4c34fa0fb6f7c9b7eb32cx
222ae92616670b6512a167ab0fbaeee2,222ae92616670b6512a167ab0fbaeeex
e17bb4cd01f6d623ba3766c042144488,e17bb4cd01f6d623ba3766c04214448x
0fec877d2ee0645d3a0615347af05e75,0fec877d2ee0645d3a0615347af05e7x
27d8dc3a5a9c0fe878d8b778ab6ac264,27d8dc3a5a9c0fe878d8b778ab6ac26x
76ea4b889d7b84c72e435629200b2d54,76ea4b889d7b84c72e435629200b2d5x
aadb93339232b59495c3b155a68ef388,aadb93339232b59495c3b155a68ef38x
ecc05b77a386f280b892a2da74bbb4da,ecc05b77a386f280b892a2da74bbb4dx
67323bf3c389815f81f36169f3f7d4c2,67323bf3c389815f81f36169f3f7d4cx
96f54b47f3e715a36b41238ea6c9e778,96f54b47f3e715a36b41238ea6c9e77x
8ab5489c702d8e4be11637249f6a81de,8ab5489c702d8e4be11637249f6a81dx
0f5b51008c336630cbb6310adca26e03,0f5b51008c336630cbb6310adca26e0x
e06c7ad6d6fd1f0efd4cc4fbdfbe7ee1,e06c7ad6d6fd1f0efd4cc4fbdfbe7eex
b7780ea480d5f4492f57702f09cf9d4a,b7780ea480d5f4492f57702f09cf9d4x
f498b0f6b9b5dd34409ab53ad937365e,f498b0f6b9b5dd34409ab53ad937365x
7bd48020e1644ee3fd42c58e10088aff,7bd48020e1644ee3fd42c58e10088afx
d60a783ca1f31706067cc4a606cf22f7,d60a783ca1f31706067cc4a606cf22fx
f2ffd3ecfea359b6e8dbc4f256689503,f2ffd3ecfea359b6e8dbc4f25668950x
3d29e4a8c2b29ff7f601db36df26462e,3d29e4a8c2b29ff7f601db36df26462x
ff8efe564f8b47f67b456c10a265f56e,ff8efe564f8b47f67b456c10a265f56x
4956ef1af65975a0678b89fc6402306d,4956ef1af65975a0678b89fc6402306x
da0eac3985d24eedfe8e0048de57752b,da0eac3985d24eedfe8e0048de57752x
cf4123f0be42255c6534616da2ae25a5,cf4123f0be42255c6534616da2ae25ax
0ae9b0409fcc7db3b1a6807d3acbe097,0ae9b0409fcc7db3b1a6807d3acbe09x
a0985f1732d383a5340087094fa60929,a0985f1732d383a5340087094fa6092x
4cdda5d7aa0654b1d5ca934317d74e17,4cdda5d7aa0654b1d5ca934317d74e1x
7f2bd9ca88c738950e8e2ce1e23e9f84,7f2bd9ca88c738950e8e2ce1e23e9f8x
7ec9bdd7295d37a003249b2b68df3f29,7ec9bdd7295d37a003249b2b68df3f2x
fbb76f80f757c03bce5a8497dc0b69e3,fbb76f80f757c03bce5a8497dc0b69ex
7a78ccc9ec0f2049afcafea3bb866226,7a78ccc9ec0f2049afcafea3bb86622x
8cf2ef43f19e003476205e45f079a939,8cf2ef43f19e003476205e45f079a93x
6c97f794ef6222b5ab195a8a8d02e172,6c97f794ef6222b5ab195a8a8d02e17x
23e8ec7ee48d04f091065d6f53603c6b,23e8ec7ee48d04f091065d6f53603c6x
52b945000488329019745a4fe892ea20,52b945000488329019745a4fe892ea2x
194291c85f496f0ad1735f0c62187f71,194291c85f496f0ad1735f0c62187f7x
8eebe6b02eac106b985474cd5bac0a45,8eebe6b02eac106b985474cd5bac0a4x
e3bbbb0e08d3062a63a070469204cf4a,e3bbbb0e08d3062a63a070469204cf4x
84251f858bd613223fbf400bfaf5bf7c,84251f858bd613223fbf400bfaf5bf7x
ffa4bafe7897681a8ab48c8b35796f69,ffa4bafe7897681a8ab48c8b35796f6x
e47b9a42ba8f0258791d7b76b9e25c9a,e47b9a42ba8f0258791d7b76b9e25c9x
740d4557ce1db0dee392cb2fe4e60856,740d4557ce1db0dee392cb2fe4e6085x
6678e799d01fe76b4a0776582064d7c4,6678e799d01fe76b4a0776582064d7cx
e26d154e380930fb505dd0126e45d6aa,e26d154e380930fb505dd0126e45d6ax
fbc387d3f0bbc9af7e4e38bc88132ce2,fbc387d3f0bbc9af7e4e38bc88132cex
3a9c846e5d748576511b8bd0316533a7,3a9c846e5d748576511b8bd0316533ax
c66666523f42fbd27abc025a4e341db9,c66666523f42fbd27abc025a4e341dbx
830a70539e3a370bc9e9a90b9b771bab,830a70539e3a370bc9e9a90b9b771bax
bd42a8a0760cdf90043756f1132ef0ad,bd42a8a0760cdf90043756f1132ef0ax
6f3fb1a5c9a958e5e15ea433c881509d,6f3fb1a5c9a958e5e15ea433c881509x
4b7b3e85da8257cd23c14f2cbf7f26bd,4b7b3e85da8257cd23c14f2cbf7f26bx
7c095015694b18112452ba83bf4e9295,7c095015694b18112452ba83bf4e929x
604ef1efe2f4578b596a279ae2699bc8,604ef1efe2f4578b596a279ae2699bcx
b1152c0ac4f5d5830c1dd42561c9d440,b1152c0ac4f5d5830c1dd42561c9d44x
6a53083b6456864aaad3bca5d320ca37,6a53083b6456864aaad3bca5d320ca3x
8cc0d1db5c26199bd8ebb51af335e9e5,8cc0d1db5c26199bd8ebb51af335e9ex
c345cc2592ee21937e711fed4c3c9e30,c345cc2592ee21937e711fed4c3c9e3x
1379b5798621bb55c80a41dfe15e6d5b,1379b5798621bb55c80a41dfe15e6d5x
80e6f5bbaa7818c19381eb86aa7865aa,80e6f5bbaa7818c19381eb86aa7865ax
6dd51dad8e5b7946a1ab7f53a149882b,6dd51dad8e5b7946a1ab7f53a149882x
7c7fb56b40a7088075a9db68600c84a6,7c7fb56b40a7088075a9db68600c84ax
6195a6cce9ea7900a2347b7240de0d0d,6195a6cce9ea7900a2347b7240de0d0x
c58afca670c0bbd86150f99fedb84df5,c58afca670c0bbd86150f99fedb84dfx
4f0bafcdf46eca909ed24076ad6c91b8,4f0bafcdf46eca909ed24076ad6c91bx
e0358b7f9d56e1fa7bfaabb562dd4b6a,e0358b7f9d56e1fa7bfaabb562dd4b6x
55072b31735df991f79eeace1c95e2ab,55072b31735df991f79eeace1c95e2ax
2cac19d50a90f04ec947ec2f87b48251,2cac19d50a90f04ec947ec2f87b4825x
7fd403449205cd94018ccb2bb66e8b0f,7fd403449205cd94018ccb2bb66e8b0x
a2e5291c0598c650e9d9ac4b6f3b3a44,a2e5291c0598c650e9d9ac4b6f3b3a4x
4b4a83388af8a1cdc2d8477b68f1643f,4b4a83388af8a1cdc2d8477b68f1643x
50c2c19bd8c57246dd63af00a2f2bf4e,50c2c19bd8c57246dd63af00a2f2bf4x
27d7a6a936ff8927f40973c836e00acb,27d7a6a936ff8927f40973c836e00acx
5964ce5e3d9923ad668c98da94167466,5964ce5e3d9923ad668c98da9416746x
b11d2f8b22988311a193ba92e5bb2225,b11d2f8b22988311a193ba92e5bb222x
04ca12a1f7d4caba50c0c06671f108f0,04ca12a1f7d4caba50c0c06671f108fx
9b07c196c1b7609d1159f20f051e69a3,9b07c196c1b7609d1159f20f051e69ax
689211d9e7742f90830a9e674758815f,689211d9e7742f90830a9e674758815x
aa019a236ac4affa4a074450d177bb4e,aa019a236ac4affa4a074450d177bb4x
b0bf9a400466b9f1f786cfb79a31d071,b0bf9a400466b9f1f786cfb79a31d07x
1ffda324c31a2d0e5471f9e9791866c7,1ffda324c31a2d0e5471f9e9791866cx
65362d5d18b1e4215cbaa47d7c2acfae,65362d5d18b1e4215cbaa47d7c2acfax
0d0ab62b4cc61cd53626eea8a69f754e,0d0ab62b4cc61cd53626eea8a69f754x
17765db0da828b778dc12cc1fe05a9b5,17765db0da828b778dc12cc1fe05a9bx
eafcdaf85d0e82bba8e4bf30aebaecf2,eafcdaf85d0e82bba8e4bf30aebaecfx
6d40fe39c4ed23b00b30fafd6108ed69,6d40fe39c4ed23b00b30fafd6108ed6x
9313e46f6aea7597d3b4be5661238457,9313e46f6aea7597d3b4be566123845x
30b0e634b670f7855cb3bd758ebbed36,30b0e634b670f7855cb3bd758ebbed3x
c338d3cda4ced60c073e5ca918dc0b19,c338d3cda4ced60c073e5ca918dc0b1x
610133e08d9740fcfd56f668ca0b9a0b,610133e08d9740fcfd56f668ca0b9a0x
945819ca88c489b5c814aba948af7864,945819ca88c489b5c814aba948af786x
a68dfbaafecf15c921dd172a1dcbf306,a68dfbaafecf15c921dd172a1dcbf30x
d69f30abe8c952772bb24fac1ecfc739,d69f30abe8c952772bb24fac1ecfc73x
c3f1616d6e44abb41fa6821fa00f05d2,c3f1616d6e44abb41fa6821fa00f05dx
0a336cdca40ffe3e87ab64dc156b41b4,0a336cdca40ffe3e87ab64dc156b41bx
f3aed8c2a7beebfaf3cacffe8a9cc132,f3aed8c2a7beebfaf3cacffe8a9cc13x
3682acfeb726ea3a137190c9b8a29df4,3682acfeb726ea3a137190c9b8a29dfx
6748e2d48ba682a72dbbc2dc2915c9eb,6748e2d48ba682a72dbbc2dc2915c9ex
35f3e49264c051193cdc47694486bad1,35f3e49264c051193cdc47694486badx
01f02074f9f964ac0d427fe26b85f814,01f02074f9f964ac0d427fe26b85f81x
7ec9e36c8b83bdad9db58a585a4f4de3,7ec9e36c8b83bdad9db58a585a4f4dex
b38cb908485d6335df4fa3ac6a966849,b38cb908485d6335df4fa3ac6a96684x
017934925b6551e2034b1f6bb9303d6e,017934925b6551e2034b1f6bb9303d6x
ec016212c7f056656f3b9088797f22bd,ec016212c7f056656f3b9088797f22bx
aecf7077d835e3d7f2bb1667e5da24f8,aecf7077d835e3d7f2bb1667e5da24fx
fae1119bb9baf21f79ff0df9720496f1,fae1119bb9baf21f79ff0df9720496fx
0009c18c4612e08ec1f177fd0912032d,0009c18c4612e08ec1f177fd0912032x
8b9f5c6f4b16d5df71fb18821bcb4a14,8b9f5c6f4b16d5df71fb18821bcb4a1x
fb464ad88ca8621895e08325127be0f7,fb464ad88ca8621895e08325127be0fx
5d70e31ddecf34b1221ddcfec610ab27,5d70e31ddecf34b1221ddcfec610ab2x
f621f5505a867a458688daea2f1e97b0,f621f5505a867a458688daea2f1e97bx
f98cb16ec032f26c77b0ece183855da6,f98cb16ec032f26c77b0ece183855dax
a76668cb7a6946b01a940fa864096fa7,a76668cb7a6946b01a940fa864096fax
3e136d94d9d8cd8700cce9d95aed5147,3e136d94d9d8cd8700cce9d95aed514x
5cfe1a40472151cbf75e2bbefd2f8715,5cfe1a40472151cbf75e2bbefd2f871x
50bd60a516d294fd8069b0d23c06e4e9,50bd60a516d294fd8069b0d23c06e4ex
b23b81c8a5e2d8df7c1476b3055b25d9,b23b81c8a5e2d8df7c1476b3055b25dx
33721be54bcfe7c5c89832fb5ef6a220,33721be54bcfe7c5c89832fb5ef6a22x
00895525763aa9ca200f015b113d40a3,00895525763aa9ca200f015b113d40ax
9e68a50b3cfb98d29c0b52eb099281a0,9e68a50b3cfb98d29c0b52eb099281ax
4a42e3289982aa36a5f45c7a9a657183,4a42e3289982aa36a5f45c7a9a65718x
6708ab02e256782426ea92e601ef02b9,6708ab02e256782426ea92e601ef02bx
96bbe25c78ad6a082eb00330a240f57c,96bbe25c78ad6a082eb00330a240f57x
94edd7b268209a80c81f42c7d3b350d3,94edd7b268209a80c81f42c7d3b350dx
1f3557a883ca835c4b345bc65bd4b0c9,1f3557a883ca835c4b345bc65bd4b0cx
1d7619043b7c92c92a894c443b7c836b,1d7619043b7c92c92a894c443b7c836x
46335bc5c3b90f16f9364f6b6112b393,46335bc5c3b90f16f9364f6b6112b39x
f20b659bfbf7e38549d56da1e24f1d16,f20b659bfbf7e38549d56da1e24f1d1x
8cdb583602d6414eaeba343c372fe5cf,8cdb583602d6414eaeba343c372fe5cx
f7d69f9e552fa4c20d23e61dfaceac30,f7d69f9e552fa4c20d23e61dfaceac3x
2e17d116a62852c723db5a8facb59e04,2e17d116a62852c723db5a8facb59e0x
e2eed2ca767d012bc4277084e946f175,e2eed2ca767d012bc4277084e946f17x
c52f8fdc8d3ca55bead54cc664f3461d,c52f8fdc8d3ca55bead54cc664f3461x
5bfaaef5d77773cb7d6f79b3f221093f,5bfaaef5d77773cb7d6f79b3f221093x
c7db9b984311a6e18f9f4175d1bc9a3a,c7db9b984311a6e18f9f4175d1bc9a3x
16ef2c6ab6ed0652473fab22182cb02c,16ef2c6ab6ed0652473fab22182cb02x
0f508416d4fe3cb73ca1f8c89c3ddd41,0f508416d4fe3cb73ca1f8c89c3ddd4x
6c4d15d6336d1c2fb9673a27571d0c59,6c4d15d6336d1c2fb9673a27571d0c5x
2d1f49fd978aae17676ac59851e1d5a3,2d1f49fd978aae17676ac59851e1d5ax
66768289b28cbf6abbefbecba1acc5cc,66768289b28cbf6abbefbecba1acc5cx
2d4098673ca972ee6d77e022f48f4f90,2d4098673ca972ee6d77e022f48f4f9x
1eb30b61caee82746d67567e09bfa8ba,1eb30b61caee82746d67567e09bfa8bx
9dd8a0a914fcbd732b17f9b39097734b,9dd8a0a914fcbd732b17f9b39097734x
01fe600d62f15f79947d7c4379a6c3a4,01fe600d62f15f79947d7c4379a6c3ax
55c57989a29a330f6248573be7ec4af1,55c57989a29a330f6248573be7ec4afx
4b2262d4c6e6bcb378e4cdd0afc39a1e,4b2262d4c6e6bcb378e4cdd0afc39a1x
224758d0a29640d4a120804e9dc8895d,224758d0a29640d4a120804e9dc8895x
e8acc7f367d8296428aefaaf99ac5699,e8acc7f367d8296428aefaaf99ac569x
343ecc6d3e2e8fc31a89c66b02ad6ad9,343ecc6d3e2e8fc31a89c66b02ad6adx
d9d06f58ed994d8a8d4f41881e1d4fd9,d9d06f58ed994d8a8d4f41881e1d4fdx
becf07b66987f9209cc8f97a769483e0,becf07b66987f9209cc8f97a769483ex
f5842ff014978da3cd9a2a809a840a5e,f5842ff014978da3cd9a2a809a840a5x
c749032244725b307f78af361b4bf269,c749032244725b307f78af361b4bf26x
e794feb9550e8e0a60f03816a9b73830,e794feb9550e8e0a60f03816a9b7383x
5b92eb07a68b4a93971d3716bab2f19a,5b92eb07a68b4a93971d3716bab2f19x
d508beec499a3bd03f3b0aaba1d45263,d508beec499a3bd03f3b0aaba1d4526x
721a27081b965af0765cf78223590470,721a27081b965af0765cf7822359047x
9a6fbaf3bba7bfa72034c47151e435f1,9a6fbaf3bba7bfa72034c47151e435fx
8ca6ffad6c2f96d59957e5f1a79f05d9,8ca6ffad6c2f96d59957e5f1a79f05dx
3a6dfc58ffc469a8ad40eb03c42068a0,3a6dfc58ffc469a8ad40eb03c42068ax
8d7e71c848779d7ee701c7fb8fc22d75,8d7e71c848779d7ee701c7fb8fc22d7x
b3e0b48e5da870bdec90051fc31aab79,b3e0b48e5da870bdec90051fc31aab7x
3c2a95f5b8ca5fa7115e26bccb83f999,3c2a95f5b8ca5fa7115e26bccb83f99x
c54c83e8e20d173e1a46904a35e1ec59,c54c83e8e20d173e1a46904a35e1ec5x
38d44e1e057eaa306aef3a1d2af2f04b,38d44e1e057eaa306aef3a1d2af2f04x
4773d4c56540036ecb2a4306496c9b0b,4773d4c56540036ecb2a4306496c9b0x
10296e24d205709ddfcfe196da1caaf7,10296e24d205709ddfcfe196da1caafx
569cea3027bc5fcd3555ad06b7c7c9b9,569cea3027bc5fcd3555ad06b7c7c9bx
d70d844fecfaf454293653f096dcfd41,d70d844fecfaf454293653f096dcfd4x
1787ce34c67bc09181c8b69bfc73108b,1787ce34c67bc09181c8b69bfc73108x
863153c0072c839c082991a3469883f5,863153c0072c839c082991a3469883fx
2d4bbf8fb7dc33a4bcdb7ab812885c20,2d4bbf8fb7dc33a4bcdb7ab812885c2x
9852915a5837778b5e92ab3d00ff6719,9852915a5837778b5e92ab3d00ff671x
759e3c02b5ccf9412dad1fb7e075abc0,759e3c02b5ccf9412dad1fb7e075abcx
6b556cd638081f99601f86cce55fa4ff,6b556cd638081f99601f86cce55fa4fx
1cad70da85b9a222bdd81b6aebcd3a3c,1cad70da85b9a222bdd81b6aebcd3a3x
08bb7d8ed9bd1d848adaeef80038b4b0,08bb7d8ed9bd1d848adaeef80038b4bx
db0ba56cadb1057a1b8f77eb4557958f,db0ba56cadb1057a1b8f77eb4557958x
80a6f2ab861159970a8ec74fd3f83931,80a6f2ab861159970a8ec74fd3f8393x
9cc45596239fc97b09147b2add46dd30,9cc45596239fc97b09147b2add46dd3x
c28cca6625c85213fd6d233fabf2a422,c28cca6625c85213fd6d233fabf2a42x
737db0b378be9fb485692807bd1b2a49,737db0b378be9fb485692807bd1b2a4x
1eaab175efb86493531a7a90a6bcf084,1eaab175efb86493531a7a90a6bcf08x
9a81399d7dc456a362a9bc2a41e5a49a,9a81399d7dc456a362a9bc2a41e5a49x
86e5c28448835d75e6b1e38d54b45f6c,86e5c28448835d75e6b1e38d54b45f6x
def27accfd2bd059d335ea7811e97667,def27accfd2bd059d335ea7811e9766x
d77e515ec8fb8e7550afa55f2afb4410,d77e515ec8fb8e7550afa55f2afb441x
73e8bdd268eab1ec40e0f4805987587c,73e8bdd268eab1ec40e0f4805987587x
b149d542a309297c838ef8b578d47e70,b149d542a309297c838ef8b578d47e7x
f72de1a19f410082fd2201876a4568a6,f72de1a19f410082fd2201876a4568ax
eeec7528397a491269d7efe2f1bc395e,eeec7528397a491269d7efe2f1bc395x
57724f99fae9f8c2ca26b30aa1899c48,57724f99fae9f8c2ca26b30aa1899c4x
1b7c8e04e78c745fbd40e53fd48e231e,1b7c8e04e78c745fbd40e53fd48e231x
88a5438cdf7598122fbbb21ea5888d68,88a5438cdf7598122fbbb21ea5888d6x
d399c44ec8ccc3475fd52af275bb65d3,d399c44ec8ccc3475fd52af275bb65dx
2f0089d2934b54fa230ee88b0f53355d,2f0089d2934b54fa230ee88b0f53355x
77afc2185bedd9fe55b4daea8ec6ba21,77afc2185bedd9fe55b4daea8ec6ba2x
e27c23d10eb6fbdf3e4e39a46557e9d6,e27c23d10eb6fbdf3e4e39a46557e9dx
c1ef5191e2a4d66cdcffd72e812fc15f,c1ef5191e2a4d66cdcffd72e812fc15x
2c077bbb25ad85b6c44763ce83bcc26c,2c077bbb25ad85b6c44763ce83bcc26x
e652ede815f5e47fa863e28085622ca7,e652ede815f5e47fa863e28085622cax
c29f7ec0410b9a740d4d98e72408cda3,c29f7ec0410b9a740d4d98e72408cdax
75e2c8f178a3c400d5b2d2a654bee02f,75e2c8f178a3c400d5b2d2a654bee02x
6f83f608f92b57d3d52f7597575c2ddf,6f83f608f92b57d3d52f7597575c2ddx
ecd973b8b34816bf013d9a1032276cd5,ecd973b8b34816bf013d9a1032276cdx
c9a611587a2063cb9142319cf89c8f98,c9a611587a2063cb9142319cf89c8f9x
ba7a9be5504a1ba21f56c48ee420d11a,ba7a9be5504a1ba21f56c48ee420d11x
f2a0fda3848c829259ca0229af894000,f2a0fda3848c829259ca0229af89400x
ad27eb7b3461236d8522baa645d3f4b5,ad27eb7b3461236d8522baa645d3f4bx
29703d0ef7fd84b2501a5111690129b1,29703d0ef7fd84b2501a5111690129bx
614963afb6396af94a3d1608a6230400,614963afb6396af94a3d1608a623040x
8722814402741b7d29ec38fd6b1caec9,8722814402741b7d29ec38fd6b1caecx
507aca0b2c8bde0569afa9ee60cd1577,507aca0b2c8bde0569afa9ee60cd157x
9e3abf1622a53f8b6144bab810d56c6b,9e3abf1622a53f8b6144bab810d56c6x
8a57e53baec000b9d3ec38be25429aa0,8a57e53baec000b9d3ec38be25429aax
55dea5ae5f272cebebabdb233e79746e,55dea5ae5f272cebebabdb233e79746x
4feb6ac9c82830b62509d692999f6b13,4feb6ac9c82830b62509d692999f6b1x
a124364062dfa1072b88358bc96d76de,a124364062dfa1072b88358bc96d76dx
829ace4096b16445f3daf532b8a3a8db,829ace4096b16445f3daf532b8a3a8dx
12ee9c3ce60886f9eb8eea62e3bed7f5,12ee9c3ce60886f9eb8eea62e3bed7fx
a158f05ce257e65bb2424270693e45a0,a158f05ce257e65bb2424270693e45ax
d3efb2272896ab97c7a16a4724992377,d3efb2272896ab97c7a16a472499237x
b4083e7d50ae1314b190bd5d3566f0b8,b4083e7d50ae1314b190bd5d3566f0bx
cd22cfc7d0ef34d4248fbdd5c5c84724,cd22cfc7d0ef34d4248fbdd5c5c8472x
4cb029780ccda029b2d379007b4af46a,4cb029780ccda029b2d379007b4af46x
d5a0a3bcbf1fcbc914ee1738469f021d,d5a0a3bcbf1fcbc914ee1738469f021x
f163033d33278292b2d3e04e3ccb6606,f163033d33278292b2d3e04e3ccb660x
5fb6faece12597e02f34c50014392006,5fb6faece12597e02f34c5001439200x
b7d28b5ae061a54532137c3ae6a1fee5,b7d28b5ae061a54532137c3ae6a1feex
d1f73856ead1811a85ffbadad3934d18,d1f73856ead1811a85ffbadad3934d1x
df1d85969349464b51bdd1107f9e4d45,df1d85969349464b51bdd1107f9e4d4x
41b692e116e24895f45efade7de8ce2b,41b692e116e24895f45efade7de8ce2x
d01c96025d913b5a05f73f7f90b62fd6,d01c96025d913b5a05f73f7f90b62fdx
7463e325bde0759e72234c243a9568e6,7463e325bde0759e72234c243a9568ex
bc4e92a0514e66341aa6a383e2535ebf,bc4e92a0514e66341aa6a383e2535ebx
8faa2087925b6727f3ea614935b120f4,8faa2087925b6727f3ea614935b120fx
0ee555a198a8ed50a2d9538a31a0fe01,0ee555a198a8ed50a2d9538a31a0fe0x
f1f8f8b1048b6dfbfe2a9e88f095e60e,f1f8f8b1048b6dfbfe2a9e88f095e60x
9411ad03b603d5ecd038fa0b6de4408f,9411ad03b603d5ecd038fa0b6de4408x
4b4cb7be5b14690747f57e4fe7af19d8,4b4cb7be5b14690747f57e4fe7af19dx
09443c6f4a02fc615b3b934d24a5f0b2,09443c6f4a02fc615b3b934d24a5f0bx
7fbf44a66896f5c82257cd5367a37027,7fbf44a66896f5c82257cd5367a3702x
c9c176a7ed516e927b2a6099e08ad031,c9c176a7ed516e927b2a6099e08ad03x
076c2b39840a064b1b663d395ffedb7e,076c2b39840a064b1b663d395ffedb7x
1ac8470541dcc5503b44f5c82c110539,1ac8470541dcc5503b44f5c82c11053x
4050866ae2ff096a13a871ce6313b04f,4050866ae2ff096a13a871ce6313b04x
e49ad4fb6d97b863580dddf854254501,e49ad4fb6d97b863580dddf85425450x
dbee134795bed614a979c1be207f5a54,dbee134795bed614a979c1be207f5a5x
5d0044ed60e626b8facbd2bec4b09a86,5d0044ed60e626b8facbd2bec4b09a8x
d37a6a67a184fdeaebcb24e120c58242,d37a6a67a184fdeaebcb24e120c5824x
46ae33b08cbe202c18751b7226bcf8e3,46ae33b08cbe202c18751b7226bcf8ex
c3e8c2f8ec7034e15850af11c5e793c4,c3e8c2f8ec7034e15850af11c5e793cx
101a2beeb4afb65c0f17cf686886e3e3,101a2beeb4afb65c0f17cf686886e3ex
40bd69f9e2218d897ebfe517c0e37c1b,40bd69f9e2218d897ebfe517c0e37c1x
7b519c78b7b2556396f246dc21306f36,7b519c78b7b2556396f246dc21306f3x
608cb4f64e9f60e25593f2f0498abb6f,608cb4f64e9f60e25593f2f0498abb6x
1f36f8233e20ced13af993ff8f11b0a9,1f36f8233e20ced13af993ff8f11b0ax
1f4f27f907f8b2076661d1827a2ee8c2,1f4f27f907f8b2076661d1827a2ee8cx
fff02433c4c28e8d87c652d2bb0d04f2,fff02433c4c28e8d87c652d2bb0d04fx
04e547951201f622c63df90ba69eebf3,04e547951201f622c63df90ba69eebfx
0453023fe5f379a95d4ff4d577927755,0453023fe5f379a95d4ff4d57792775x
1de00cab543d673cc40948c87f1ae7bf,1de00cab543d673cc40948c87f1ae7bx
b81eef88c8d4a8943d0d77d4dc32f009,b81eef88c8d4a8943d0d77d4dc32f00x
444cfc9bfdc79089d62c7129483dd2a5,444cfc9bfdc79089d62c7129483dd2ax
b29e5a5570cbfd33044003dc905ed851,b29e5a5570cbfd33044003dc905ed85x
a3b89e7a7e1bca79342b743399dfaed6,a3b89e7a7e1bca79342b743399dfaedx
9897d13bd1454e24a5e32338aa240ec5,9897d13bd1454e24a5e32338aa240ecx
50bed664c7ae57344d7e936a2162cb67,50bed664c7ae57344d7e936a2162cb6x
4b2e4b4faa363c4ed584757febcfd651,4b2e4b4faa363c4ed584757febcfd65x
a9e6179711f148f8570f3fb4e665a0b2,a9e6179711f148f8570f3fb4e665a0bx
8aa679e9823cf0c7c3646cd7873b1f42,8aa679e9823cf0c7c3646cd7873b1f4x
eb91b88069e5554dc302efc87e5a12a8,eb91b88069e5554dc302efc87e5a12ax
d175e4a62b1c0143a89cdb56e7e21821,d175e4a62b1c0143a89cdb56e7e2182x
ee9bbc88dd8b934a486c94ec921c0237,ee9bbc88dd8b934a486c94ec921c023x
5f18d14d01cd6373449569abf4f68728,5f18d14d01cd6373449569abf4f6872x
e3abd29a990423ce83fc4954f1f6f01c,e3abd29a990423ce83fc4954f1f6f01x
fb9b86c893a69b3179f2625114427a45,fb9b86c893a69b3179f2625114427a4x
e662da57f6e83c8c9da9bf6723ace94a,e662da57f6e83c8c9da9bf6723ace94x
c6fa2b2646e0732e986819e1b09d5039,c6fa2b2646e0732e986819e1b09d503x
d928014b3c523b39126fc746bcca44c0,d928014b3c523b39126fc746bcca44cx
d648727284b7bd1edf3cf9358b012c2e,d648727284b7bd1edf3cf9358b012c2x
ca61671ecce6f418688d7ea4c5e23888,ca61671ecce6f418688d7ea4c5e2388x
5dbb09237901755735a827c031fa719e,5dbb09237901755735a827c031fa719x
697799104207558dce3a8b58525bac91,697799104207558dce3a8b58525bac9x
1d870c4cdd1603ca42d3b417258847fa,1d870c4cdd1603ca42d3b417258847fx
a35982138a885d875abcd83bce1338f0,a35982138a885d875abcd83bce1338fx
40f556f245510781452347bc1207f45a,40f556f245510781452347bc1207f45x
b6412cf7b1655cd493b26540163e92cf,b6412cf7b1655cd493b26540163e92cx
82216ee255f47627e16567e937f16861,82216ee255f47627e16567e937f1686x
0d4c0686cfb14cb9f864a4fa51c37903,0d4c0686cfb14cb9f864a4fa51c3790x
4f7953c151d095835dff2243af297a87,4f7953c151d095835dff2243af297a8x
bb1fd15aa1127a1fd4dc631757201465,bb1fd15aa1127a1fd4dc63175720146x
f788791f2167f9007bab81c2812946da,f788791f2167f9007bab81c2812946dx
8b5458b23ba4172651e0ea8afe35edb9,8b5458b23ba4172651e0ea8afe35edbx
335918be625b00c0c49836ba990dad63,335918be625b00c0c49836ba990dad6x
3d5c7bacccca5e6112ddeae3b1cb778a,3d5c7bacccca5e6112ddeae3b1cb778x
18a3471ab6a1dc2072af67bf28906906,18a3471ab6a1dc2072af67bf2890690x
e7e8d95729299c606a6d33f91470cef7,e7e8d95729299c606a6d33f91470cefx
5ed52bb579615984b94dcd4debcf16ef,5ed52bb579615984b94dcd4debcf16ex
41876c03a86dca1755ce5f405bb22eb3,41876c03a86dca1755ce5f405bb22ebx
91eb7680fc5d13d5a769b93794b40a21,91eb7680fc5d13d5a769b93794b40a2x
9393874d6c02632ff23527ecf78eaa05,9393874d6c02632ff23527ecf78eaa0x
83c931825166ea0295b08afbdf0ee5ab,83c931825166ea0295b08afbdf0ee5ax
3580cdb9da0bee1e81010a8353223e5c,3580cdb9da0bee1e81010a8353223e5x
b893828c9737998e4b8094bad23e787c,b893828c9737998e4b8094bad23e787x
7c46b97964b615210eba38ff6a18c09b,7c46b97964b615210eba38ff6a18c09x
8139a7dd9e6375553f05507415c2b619,8139a7dd9e6375553f05507415c2b61x
8d70f8c01b90ca1db89e892b26e3a1ee,8d70f8c01b90ca1db89e892b26e3a1ex
a435f9770bd7897fe5e2be2ca7b5f4a0,a435f9770bd7897fe5e2be2ca7b5f4ax
0e2a771cbed34dddf872b3a10598eeea,0e2a771cbed34dddf872b3a10598eeex
0e92562546bec555fb69e9f6e869c934,0e92562546bec555fb69e9f6e869c93x
df30b7274da204966b011c855705f53c,df30b7274da204966b011c855705f53x
2724e116d9d8a6121a86330d2fd548d4,2724e116d9d8a6121a86330d2fd548dx
72886601659416b6a6cfd7297700415d,72886601659416b6a6cfd7297700415x
d4849310183f00c6cbee23868580d324,d4849310183f00c6cbee23868580d32x
4c0d54d82238b9c1419e80e016617d5a,4c0d54d82238b9c1419e80e016617d5x
cedca736697c003120f72b4cc14b0ea1,cedca736697c003120f72b4cc14b0eax
664ab0e8e855db5df86386a22c1edb47,664ab0e8e855db5df86386a22c1edb4x
2890698b9e3a7d0e8db9edfdfeb9f7eb,2890698b9e3a7d0e8db9edfdfeb9f7ex
aec3fa893528b1d1bc2cd481fd8f81be,aec3fa893528b1d1bc2cd481fd8f81bx
457ba9e29d209d1015eccedaa4657d3c,457ba9e29d209d1015eccedaa4657d3x
68651e06f4bc77e1b5f0fd731b0baf0f,68651e06f4bc77e1b5f0fd731b0baf0x
c75aac0cb1a863d9affe3d8d624622e7,c75aac0cb1a863d9affe3d8d624622ex
b13562f03322efb27aad76e02b5d7c4d,b13562f03322efb27aad76e02b5d7c4x
be32b47d0d2bbd698a892ba3d26a098b,be32b47d0d2bbd698a892ba3d26a098x
6ed542af58b8f3cf0f718cba21a3c0ed,6ed542af58b8f3cf0f718cba21a3c0ex
b593259dea0a708ca20fb821a356f9a4,b593259dea0a708ca20fb821a356f9ax
d3f80bc51401637088aa9dfd8c342d99,d3f80bc51401637088aa9dfd8c342d9x
433cc2a1cd26eaf2167b44f1ea0e3d8b,433cc2a1cd26eaf2167b44f1ea0e3d8x
ab9d94e07688528466004be7eea50678,ab9d94e07688528466004be7eea5067x
e0d8dc94d0881b91bbd2d15d5e0609d1,e0d8dc94d0881b91bbd2d15d5e0609dx
043de55676e3a750727d636e7dd36331,043de55676e3a750727d636e7dd3633x
74f680aa594e5fde99a7aa7f46fb185f,74f680aa594e5fde99a7aa7f46fb185x
fd89b035b5f24dbdd92a4d886ce92c11,fd89b035b5f24dbdd92a4d886ce92c1x
ea0bc54300815c8a55389c21b59fdb0d,ea0bc54300815c8a55389c21b59fdb0x
92f5c7943743bb3df8c56e546be9aa75,92f5c7943743bb3df8c56e546be9aa7x
842535957b4a6778379037afff2db3c2,842535957b4a6778379037afff2db3cx
6ef4a11c3829ce9c5925616aedc0a1d1,6ef4a11c3829ce9c5925616aedc0a1dx
c29277578a4ff99f255d8e8a08db31ce,c29277578a4ff99f255d8e8a08db31cx
c2b56d891f735a3777f8007fe1919ab7,c2b56d891f735a3777f8007fe1919abx
c1532ccd5a6f977917efa30d23a0e111,c1532ccd5a6f977917efa30d23a0e11x
98254f6ecfbd0a82cd4f71c17dc6c2f5,98254f6ecfbd0a82cd4f71c17dc6c2fx
9fca738c38c6192a3606b48833494df2,9fca738c38c6192a3606b48833494dfx
8175394e72c39772fe51672de1a6ed49,8175394e72c39772fe51672de1a6ed4x
901379398a984eae89bfff949315ebef,901379398a984eae89bfff949315ebex
3d18fc19c207c001bc957fbdf280f7d4,3d18fc19c207c001bc957fbdf280f7dx
3b5ca530ea1cbcdedacc870fc22e6c3f,3b5ca530ea1cbcdedacc870fc22e6c3x
0da843d41df0707b9efbf0891b35469b,0da843d41df0707b9efbf0891b35469x
54a17231040ffee9ac2f726cc144615e,54a17231040ffee9ac2f726cc144615x
ba036432ad3f489f2154d76579e4af8b,ba036432ad3f489f2154d76579e4af8x
589b11c257d92c70de5b5cd624e42b90,589b11c257d92c70de5b5cd624e42b9x
b7d5428c679d6be0b7f0976ddb0fa859,b7d5428c679d6be0b7f0976ddb0fa85x
62babd10d9b25f168c5476c01ac26f86,62babd10d9b25f168c5476c01ac26f8x
83d2e49be8039cc8737635c41cd89471,83d2e49be8039cc8737635c41cd8947x
ec43bb1992f843f58f76057760c75f33,ec43bb1992f843f58f76057760c75f3x
3291ef1e543194e21168195e902fc98b,3291ef1e543194e21168195e902fc98x
3bfb43c9f9e6bfbe5fc0557bf70918f9,3bfb43c9f9e6bfbe5fc0557bf70918fx
6dc46c2f79b41d1512c0b3aa614c5a98,6dc46c2f79b41d1512c0b3aa614c5a9x
f6e0f996b5e6791a3d9aa323f6206d4e,f6e0f996b5e6791a3d9aa323f6206d4x
bd1fa77ee9f2438930f73f146fbb8727,bd1fa77ee9f2438930f73f146fbb872x
e803e2f08e84c0c44fae8eed59a05bd1,e803e2f08e84c0c44fae8eed59a05bdx
9a6f5a421a9d6e27c924d80942ce29c9,9a6f5a421a9d6e27c924d80942ce29cx
92852385462848fcd6423890268f508e,92852385462848fcd6423890268f508x
50037fef869c0ca6a89ccc67ee3fefee,50037fef869c0ca6a89ccc67ee3fefex
ea91c3b8fce4b59a22455296019f5e93,ea91c3b8fce4b59a22455296019f5e9x
d0a187c6921d391a3ceca4a47bbec6c9,d0a187c6921d391a3ceca4a47bbec6cx
17dc61aaff56ba341a2d29da08dac9ef,17dc61aaff56ba341a2d29da08dac9ex
0921975f83b1f69d93b94e65a7e6d9ad,0921975f83b1f69d93b94e65a7e6d9ax
ad637565be5f283c777ac301675b59e5,ad637565be5f283c777ac301675b59ex
218cb8e3c609e8ae46ef4a27e6406e21,218cb8e3c609e8ae46ef4a27e6406e2x
ef6394852903df61a2196e52f14f0b27,ef6394852903df61a2196e52f14f0b2x
4a186ffb32443ed6ac1203f845120b66,4a186ffb32443ed6ac1203f845120b6x
3191cb189c452ebd3d8fabe46c89d828,3191cb189c452ebd3d8fabe46c89d82x
55f2f899eaf786faeaca08a3f117141c,55f2f899eaf786faeaca08a3f117141x
205715a33045d21560852df14d95d6d1,205715a33045d21560852df14d95d6dx
d57c4d726bc7c8759c58052fec139be8,d57c4d726bc7c8759c58052fec139bex
756c198accbb1b7f7c643249be452bfe,756c198accbb1b7f7c643249be452bfx
f9dcc52cce3f0b943774f2f735f735fc,f9dcc52cce3f0b943774f2f735f735fx
af01e834ec6149de7defb1dd36224d20,af01e834ec6149de7defb1dd36224d2x
669777e83165eed349e859f774735fcd,669777e83165eed349e859f774735fcx
5b444f75efbf90e7220e302fd269f51c,5b444f75efbf90e7220e302fd269f51x
cebdbf78f8edef1a17c1d432834995bb,cebdbf78f8edef1a17c1d432834995bx
d4aa527ffa4c26733a847d8d9fa426da,d4aa527ffa4c26733a847d8d9fa426dx
b092270c4d23c73a375a06c4aed5af47,b092270c4d23c73a375a06c4aed5af4x
09a3f81d6e5a10c4889917af10d3c7a2,09a3f81d6e5a10c4889917af10d3c7ax
00469fe91ff6ed025aef83e0f7826a76,00469fe91ff6ed025aef83e0f7826a7x
5a242fd41b803a12d64fb424974206ce,5a242fd41b803a12d64fb424974206cx
9540448356d626ffdb5bbc3b8bd21677,9540448356d626ffdb5bbc3b8bd2167x
d2b6181ade860fe0167ecefd27282f66,d2b6181ade860fe0167ecefd27282f6x
184725dabe236123d90042c643f0d625,184725dabe236123d90042c643f0d62x
4f774af430589e7aa4600ae156dc2983,4f774af430589e7aa4600ae156dc298x
98052a40c3c38979c9f36255e9d06db8,98052a40c3c38979c9f36255e9d06dbx
b09647bf06d56da15dcf1a1bd884dbfb,b09647bf06d56da15dcf1a1bd884dbfx
65b7efbbbb786752fe24f1c046e10ce7,65b7efbbbb786752fe24f1c046e10cex
072f0d9c3fbaa2b7a8cbb9de38ae1433,072f0d9c3fbaa2b7a8cbb9de38ae143x
791bd26a3ab8b60ce4f7f0b54ffd534a,791bd26a3ab8b60ce4f7f0b54ffd534x
d4488ceb4a27d20f62bcab439462f31b,d4488ceb4a27d20f62bcab439462f31x
32f01f18729518f4908dd94b19f102a2,32f01f18729518f4908dd94b19f102ax
5c7b53bbebd0fc6739b458a5aaa7f182,5c7b53bbebd0fc6739b458a5aaa7f18x
2fdc304ef9cb608e647d27731dd412d1,2fdc304ef9cb608e647d27731dd412dx
8cbe65b3782fc3316dbc55038c6b2272,8cbe65b3782fc3316dbc55038c6b227x
c21bc762f54771d793bd1692dfa34479,c21bc762f54771d793bd1692dfa3447x
60f55fe488e794fa7f04c829a6cc732f,60f55fe488e794fa7f04c829a6cc732x
6d9b44161ae2ea10f5d505c2cbb608ff,6d9b44161ae2ea10f5d505c2cbb608fx
de5cdb5032d51a4261dd1fba3903b166,de5cdb5032d51a4261dd1fba3903b16x
cf502791354e5aa6c553e957e167ae79,cf502791354e5aa6c553e957e167ae7x
1655eb671d517f2fd8d2a5a13779f70b,1655eb671d517f2fd8d2a5a13779f70x
d2f904bd47bdab932b6d171f85ce671b,d2f904bd47bdab932b6d171f85ce671x
69451c66aeecf57a4e09ed2b03350e6b,69451c66aeecf57a4e09ed2b03350e6x
19f66010ae4d11fe67abdecd793c2a8f,19f66010ae4d11fe67abdecd793c2a8x
5ea79d466456c85edcf5cd148f08ae0a,5ea79d466456c85edcf5cd148f08ae0x
9fb67a742886972727305438126cb373,9fb67a742886972727305438126cb37x
ec3d44da6e5f5b2daa76d526e221ffb7,ec3d44da6e5f5b2daa76d526e221ffbx
ef4e3ca9001f1502c9fb82ca7fe8bdd4,ef4e3ca9001f1502c9fb82ca7fe8bddx
b1544f195e2a16bbbab085b3eca2a5d0,b1544f195e2a16bbbab085b3eca2a5dx
0e68623408e50df4969557dadaa030a9,0e68623408e50df4969557dadaa030ax
f99033d964a403df249fb6cace1b4af5,f99033d964a403df249fb6cace1b4afx
0a774d885aa02b00683f3a7d8d4d756b,0a774d885aa02b00683f3a7d8d4d756x
b73b6669e99a27135a860ab2989c4d87,b73b6669e99a27135a860ab2989c4d8x
8ac0911b19f52a463eb17ea187a1ad23,8ac0911b19f52a463eb17ea187a1ad2x
d641d44bdbd14ec31f0b188344e3ad9b,d641d44bdbd14ec31f0b188344e3ad9x
8312c96dad7c9b17b05a794057e34214,8312c96dad7c9b17b05a794057e3421x
f0893def2bdf624af818d411a867ad55,f0893def2bdf624af818d411a867ad5x
15f92ad1025d7c1fc6796d5f1bb27782,15f92ad1025d7c1fc6796d5f1bb2778x
739ab30ac6a7a669ebe0511ddfbbad41,739ab30ac6a7a669ebe0511ddfbbad4x
362d8bf31795721b47fc1fbc560c1ccc,362d8bf31795721b47fc1fbc560c1ccx
d0ef3ed0bc6e8eae6d7a2a559aaaffe0,d0ef3ed0bc6e8eae6d7a2a559aaaffex
998ec6f621ecbf09e229a5d69766c026,998ec6f621ecbf09e229a5d69766c02x
074776d02634b2efac44293af09bab3e,074776d02634b2efac44293af09bab3x
ceadc14971539c317ccd87bc807b8263,ceadc14971539c317ccd87bc807b826x
9133602ff86d58dd57c60fe9e16ca403,9133602ff86d58dd57c60fe9e16ca40x
9bc702c48e1d5ba8a3d7d63a199ddf71,9bc702c48e1d5ba8a3d7d63a199ddf7x
b1008119cd52a06a4013269f6bdbaf07,b1008119cd52a06a4013269f6bdbaf0x
865ec90603e8fe7750088715572ee676,865ec90603e8fe7750088715572ee67x
afebbe296a52bfcba06ee97e888a5238,afebbe296a52bfcba06ee97e888a523x
97b9ca9e4027d357288bd4d2d1fe5648,97b9ca9e4027d357288bd4d2d1fe564x
91f0ecfa8e0b8f562958daaaaa60fd39,91f0ecfa8e0b8f562958daaaaa60fd3x
20e81849277682af3e77483e3ab37adf,20e81849277682af3e77483e3ab37adx
0391d1eb0db75d4afd6191ae42bb4f15,0391d1eb0db75d4afd6191ae42bb4f1x
9e492176a955372a665794ac5e5c4f1a,9e492176a955372a665794ac5e5c4f1x
f21f43b01273f1ea5058a57dda82beb3,f21f43b01273f1ea5058a57dda82bebx
548bba9f3efa70fb0eeab6a82c7d238f,548bba9f3efa70fb0eeab6a82c7d238x
df840d5cb53e46930b8458bbe7f58e6e,df840d5cb53e46930b8458bbe7f58e6x
029a74fa1b5f87fb254aff8207614691,029a74fa1b5f87fb254aff820761469x
810ae890f0474290889ff54342e02d9b,810ae890f0474290889ff54342e02d9x
81ed650737a54f1d692f803cfdce05ec,81ed650737a54f1d692f803cfdce05ex
9595dc6c9250148ffda4a8a1acb71e8e,9595dc6c9250148ffda4a8a1acb71e8x
ae55c22eb44ee916c67b030f975af37d,ae55c22eb44ee916c67b030f975af37x
49e672bb140fc2151147fc0c90adbf47,49e672bb140fc2151147fc0c90adbf4x
acbf9dc665e8d30d33a329a77fe1dbee,acbf9dc665e8d30d33a329a77fe1dbex
54827dfa4b5eb50727a3a219c45f2802,54827dfa4b5eb50727a3a219c45f280x
0cf9ed846e9478406910253d236ba5cd,0cf9ed846e9478406910253d236ba5cx
fb90130224c80df84fd3c0ea7fcf42da,fb90130224c80df84fd3c0ea7fcf42dx
0c45fe442411f16155e03fabd96e020c,0c45fe442411f16155e03fabd96e020x
929d3b40ac19cc6421b2232cd67a1d4e,929d3b40ac19cc6421b2232cd67a1d4x
814bed57703feade4ed9b82c9eca1cc0,814bed57703feade4ed9b82c9eca1ccx
be5851eaebf135c743ccb6a987422e73,be5851eaebf135c743ccb6a987422e7x
c1f17cad556d2f15af4763e57be00cc2,c1f17cad556d2f15af4763e57be00ccx
388938f35063e2dba6e9c1938d0dd9ee,388938f35063e2dba6e9c1938d0dd9ex
7dcd1baa11f955ff5c5ad38e8c669bb6,7dcd1baa11f955ff5c5ad38e8c669bbx
feb2fc5ce6eb0c678894854c37f8f065,feb2fc5ce6eb0c678894854c37f8f06x
21421dc148c1fb36093f18cfc0039eb9,21421dc148c1fb36093f18cfc0039ebx
42020e85177ef79f32b706da0da98b1e,42020e85177ef79f32b706da0da98b1x
791ca8ff85246fa57723c86c0c54b0a8,791ca8ff85246fa57723c86c0c54b0ax
40970127370ba2c9e69d192c7a152098,40970127370ba2c9e69d192c7a15209x
4839da3d79467784c0ed5841b3322016,4839da3d79467784c0ed5841b332201x
e778b2d17a3828d71e6a79dc01dc38bd,e778b2d17a3828d71e6a79dc01dc38bx
d2c4cd3105aa136fd96044106b114412,d2c4cd3105aa136fd96044106b11441x
cb71ded9989365aa9813578cfa6ef249,cb71ded9989365aa9813578cfa6ef24x
652ffb9b0bb3b345a640b9536bd3d84f,652ffb9b0bb3b345a640b9536bd3d84x
f8d848d9b14d5a40430451833939ccc1,f8d848d9b14d5a40430451833939cccx
0f6a1c768c765b41cea1f399da3a57f1,0f6a1c768c765b41cea1f399da3a57fx
841d883575e980c10130c19d4eddd991,841d883575e980c10130c19d4eddd99x
f03977896980765b9e741e97ce867022,f03977896980765b9e741e97ce86702x
db5e6c106ea8393a018b9b43364fb18d,db5e6c106ea8393a018b9b43364fb18x
1c372826079cf925b622d4a2bb6839f7,1c372826079cf925b622d4a2bb6839fx
5ea5bd7211d2fc40496671ca1897e957,5ea5bd7211d2fc40496671ca1897e95x
c66a2daf6ee8aac15b9f519bd6a500c8,c66a2daf6ee8aac15b9f519bd6a500cx
c9008aa5e8bd9c8c475b2804fa8dfdd2,c9008aa5e8bd9c8c475b2804fa8dfddx
182be7b770cb622d52ca48cb36703687,182be7b770cb622d52ca48cb3670368x
962627cfa36cbec132a4e8cfa35c0da8,962627cfa36cbec132a4e8cfa35c0dax
437217bbec5230e0c99be51e3447a4cf,437217bbec5230e0c99be51e3447a4cx
581dc6b9e63a5c8e8147dfd02515139f,581dc6b9e63a5c8e8147dfd02515139x
cc783dfe1d66f98010d9db2317cf064c,cc783dfe1d66f98010d9db2317cf064x
84676de1fe195e4ca4a5ed91e915fb43,84676de1fe195e4ca4a5ed91e915fb4x
1a261096e8ceaf796a3184cf56820587,1a261096e8ceaf796a3184cf5682058x
fe6f5e079f0ee497ece5519ed6a99daf,fe6f5e079f0ee497ece5519ed6a99dax
2f29daa3df2e884eb1520a89b591074b,2f29daa3df2e884eb1520a89b591074x
503ee51bebfb54da667ae674966e0288,503ee51bebfb54da667ae674966e028x
103e9c3f8ba49fbfe63323a28fa325ba,103e9c3f8ba49fbfe63323a28fa325bx
13254c0765fd5ae9721fa29a4ca880bf,13254c0765fd5ae9721fa29a4ca880bx
92ac0851abafab1ec9300a09433ab209,92ac0851abafab1ec9300a09433ab20x
ca43256657214a5481b5d706d86e22e1,ca43256657214a5481b5d706d86e22ex
a52a4e3942fcedd36dddba9bc7cb1c8d,a52a4e3942fcedd36dddba9bc7cb1c8x
7daa6143d8c3c3aeb0cd06854f1335ff,7daa6143d8c3c3aeb0cd06854f1335fx
59310244012e435f97bfbd4b51c59139,59310244012e435f97bfbd4b51c5913x
df1a7737279207373f2de81f22832d6f,df1a7737279207373f2de81f22832d6x
30087d0efc8c0240ff47f189d45867b6,30087d0efc8c0240ff47f189d45867bx
0389cfe1abd52168fc0f906ff006aa96,0389cfe1abd52168fc0f906ff006aa9x
2643a51f2420237d7dad7bb775512bb7,2643a51f2420237d7dad7bb775512bbx
e4bb37782db334991016475c4363eadc,e4bb37782db334991016475c4363eadx
2039560959605f9896bfb1089840efe4,2039560959605f9896bfb1089840efex
d74bf898bbc58a24ec87000242fd21dd,d74bf898bbc58a24ec87000242fd21dx
6dd4581933961fdf2843ae7a27e1c522,6dd4581933961fdf2843ae7a27e1c52x
997784c27f2fb75a7f54edd12304869e,997784c27f2fb75a7f54edd12304869x
6b9c5aa9091043e4a89e470de948af7d,6b9c5aa9091043e4a89e470de948af7x
bd9391d55e59a0be8b8d1031784d5d18,bd9391d55e59a0be8b8d1031784d5d1x
8987ffc69797def07ba7fc491c2c74f6,8987ffc69797def07ba7fc491c2c74fx
649fa4fcc1437403c9fe25bd9185692a,649fa4fcc1437403c9fe25bd9185692x
1ebc6bc0aa6e867ace756b91eb49a7d3,1ebc6bc0aa6e867ace756b91eb49a7dx
b9cbbcd8f553ef88965224e044d40372,b9cbbcd8f553ef88965224e044d4037x
ca7a1c9d5f278aa35a5898edb4690f0d,ca7a1c9d5f278aa35a5898edb4690f0x
982d683142abfcf700b932ea5accb876,982d683142abfcf700b932ea5accb87x
f018ba32c1e8e4e4c5b10d1c93274292,f018ba32c1e8e4e4c5b10d1c9327429x
bde6c12629eb5a9708d36f442a25503b,bde6c12629eb5a9708d36f442a25503x
0b2e989b33329280409af761b7001e9f,0b2e989b33329280409af761b7001e9x
d70d8fe891ebe4de854ad789d15a4cfd,d70d8fe891ebe4de854ad789d15a4cfx
8260b62f96a7cb6dfa472e821bd058b6,8260b62f96a7cb6dfa472e821bd058bx
97c6e0b615f2231e45f364e911aa1b15,97c6e0b615f2231e45f364e911aa1b1x
c00c2f8146d9c4ac9d09591b198f5a27,c00c2f8146d9c4ac9d09591b198f5a2x
8368c8a2879beb3fd3f8d3c2231ef9e2,8368c8a2879beb3fd3f8d3c2231ef9ex
a09e0c0ec24635ad581e637f884178e5,a09e0c0ec24635ad581e637f884178ex
87f6e26c47d1559381f1d92fd22cfc95,87f6e26c47d1559381f1d92fd22cfc9x
da11068990f6a3aab2fe7686cb09d6d4,da11068990f6a3aab2fe7686cb09d6dx
29400147b010eb6d7198075626688204,29400147b010eb6d719807562668820x
dfea64d6bba16bce1c8c8d1376242a7d,dfea64d6bba16bce1c8c8d1376242a7x
17cbdbb602d66a790e3ab34549fdedf6,17cbdbb602d66a790e3ab34549fdedfx
a95579ceae3af1e6b94f91c2e6bb84c7,a95579ceae3af1e6b94f91c2e6bb84cx
6afb224960e8ee2ec1a3be5d01441b55,6afb224960e8ee2ec1a3be5d01441b5x
aff0b76989536c1621a8215edf6c7b48,aff0b76989536c1621a8215edf6c7b4x
84584fdb3a845aa8f75e28e607b8f4ee,84584fdb3a845aa8f75e28e607b8f4ex
67b5c3e3f4e2a3dcd808ee6837960e12,67b5c3e3f4e2a3dcd808ee6837960e1x
aebb774d51b3e9ed4c6ca7345c36bcc5,aebb774d51b3e9ed4c6ca7345c36bccx
8c0f90ede1600d398ec86379ab1a8f31,8c0f90ede1600d398ec86379ab1a8f3x
0285cc4e7d510fa8b061e6764de4d0fe,0285cc4e7d510fa8b061e6764de4d0fx
653b8d5b15febdfa85aadc378f32291e,653b8d5b15febdfa85aadc378f32291x
fb265db04d0e9e1085259b3e6399bbfa,fb265db04d0e9e1085259b3e6399bbfx
52ad3ad93f60af6f1b86c724d44b2433,52ad3ad93f60af6f1b86c724d44b243x
e4c1e5f789d7170db973761e21064672,e4c1e5f789d7170db973761e2106467x
1dc9ef061ff5968d4978576111930d35,1dc9ef061ff5968d4978576111930d3x
1b71dbb026c209eda0326af830be6a3d,1b71dbb026c209eda0326af830be6a3x
d9ddefb24dd98f8933782f06d56a00e5,d9ddefb24dd98f8933782f06d56a00ex
a20d8d39bc73f733ad264cb3fd2bf891,a20d8d39bc73f733ad264cb3fd2bf89x
c3772f9a8d8c7bc869a7b9150aacbe87,c3772f9a8d8c7bc869a7b9150aacbe8x
d74a397d7d237054c9aa939e0a4d4cbd,d74a397d7d237054c9aa939e0a4d4cbx
c835842f6d3fed172d9ca7ddef265aca,c835842f6d3fed172d9ca7ddef265acx
8b1e9988446ae74e6c36c07c43387df9,8b1e9988446ae74e6c36c07c43387dfx
febc8a88543e39c88191365cfac4fa97,febc8a88543e39c88191365cfac4fa9x
5cc56454050d69e707eb99b870396676,5cc56454050d69e707eb99b87039667x
c6f559085e8cde1db7b7af7aa400edf2,c6f559085e8cde1db7b7af7aa400edfx
d4272f491a0bb7bd702aaa00a65b8c4f,d4272f491a0bb7bd702aaa00a65b8c4x
465cf20fe28f16246abd338ce1c093fd,465cf20fe28f16246abd338ce1c093fx
896f8644d9fe5bcdf7fa9d0c545c9b83,896f8644d9fe5bcdf7fa9d0c545c9b8x
1ac475c110822bc5c94e08dcde10b9e8,1ac475c110822bc5c94e08dcde10b9ex
952a1f5b337ebcdd89d5a472bbe00cda,952a1f5b337ebcdd89d5a472bbe00cdx
ecebe4e91dd0612369831b47a6c407dc,ecebe4e91dd0612369831b47a6c407dx
66fd9a5ace3726b6df5d98d1f9c81245,66fd9a5ace3726b6df5d98d1f9c8124x
5571bb3a3eb1498765f87e315bbb5f42,5571bb3a3eb1498765f87e315bbb5f4x
0d2cb5ecf9baeac32eaf773760fb24da,0d2cb5ecf9baeac32eaf773760fb24dx
ce2eaadae51baa4aee7aa7705243e961,ce2eaadae51baa4aee7aa7705243e96x
b1f93fd1c9d21f05f7f73658e70654b2,b1f93fd1c9d21f05f7f73658e70654bx
a71396d7a80e4c31ea4c357aac06f538,a71396d7a80e4c31ea4c357aac06f53x
ff7c9cda165a8090d1c8c549dacbeb3f,ff7c9cda165a8090d1c8c549dacbeb3x
dc98fc2fa2d4fb193423c234c9992b3d,dc98fc2fa2d4fb193423c234c9992b3x
9aacfa81645bc09f18647a07ee132445,9aacfa81645bc09f18647a07ee13244x
785d41aed0cca9ba27be7ab315189d93,785d41aed0cca9ba27be7ab315189d9x
3c4bf5f3957d17aed02881917889e777,3c4bf5f3957d17aed02881917889e77x
bd00a11835d71e597e094c9b6731187c,bd00a11835d71e597e094c9b6731187x
b80b7a5d5105fbd60e97ce675934306b,b80b7a5d5105fbd60e97ce675934306x
79fe453b0dc4005140efc401bd90c7ff,79fe453b0dc4005140efc401bd90c7fx
0abee55c4aa0e49cdc6892071f69e763,0abee55c4aa0e49cdc6892071f69e76x
12c62261552e0f11b7add8f187ad432a,12c62261552e0f11b7add8f187ad432x
af0483e15b2bcb84321ee31ce713d5e8,af0483e15b2bcb84321ee31ce713d5ex
e95c34637ae79afc8def474205cfc626,e95c34637ae79afc8def474205cfc62x
592169823cda86e3cda0cc31399deb66,592169823cda86e3cda0cc31399deb6x
a98f951fa960cb05d85aae2fd6b5569e,a98f951fa960cb05d85aae2fd6b5569x
549948bd155d96fa97c2d8f9390b09ef,549948bd155d96fa97c2d8f9390b09ex
7990c53bd15370272d266054db5d550b,7990c53bd15370272d266054db5d550x
f2e0645f508932289760376e22b45a22,f2e0645f508932289760376e22b45a2x
0372987a1b43ee387b53feb621141042,0372987a1b43ee387b53feb62114104x
63528bce8bd17e8939998ed5a2fe8698,63528bce8bd17e8939998ed5a2fe869x
a8d47438c8e0d5596c1ecc01e7d09b72,a8d47438c8e0d5596c1ecc01e7d09b7x
d816f42b818f6d3ddf304487ddad3fd3,d816f42b818f6d3ddf304487ddad3fdx
ad0cc74ab9fdedfe06232644b0bf20d6,ad0cc74ab9fdedfe06232644b0bf20dx
ef43db5df567846f32f93a55946fcb10,ef43db5df567846f32f93a55946fcb1x
ab8bed09c5e26c5d58c88ac272f80576,ab8bed09c5e26c5d58c88ac272f8057x
a25af78ef56a27ec07af28435f80d65b,a25af78ef56a27ec07af28435f80d65x
3f8c2dd67b9baea95b30ef667fb6d7a7,3f8c2dd67b9baea95b30ef667fb6d7ax
7cd80f9aacab4e4ff1a38e3832ad414d,7cd80f9aacab4e4ff1a38e3832ad414x
b51786afeef7e8d17745fa306fb210e1,b51786afeef7e8d17745fa306fb210ex
eec69ac9960fbae46e0498cc2c44f284,eec69ac9960fbae46e0498cc2c44f28x
f81a4b42e51af97d575280adb1f5e10f,f81a4b42e51af97d575280adb1f5e10x
e874b7f9e9e78533718b74d7adeffa6b,e874b7f9e9e78533718b74d7adeffa6x
92254cc4baf1d076bc9861ab86494d3c,92254cc4baf1d076bc9861ab86494d3x
cab6e9d07d15fca1ebe69354e7fa10c0,cab6e9d07d15fca1ebe69354e7fa10cx
4e848277d4c2948b8e01f4b893fc4057,4e848277d4c2948b8e01f4b893fc405x
319ba28794573e386f292965af8294de,319ba28794573e386f292965af8294dx
11d705ded05ca6d859f93d55e3dd32e2,11d705ded05ca6d859f93d55e3dd32ex
fc6df4582a1b5bbadf373049cbf64b5c,fc6df4582a1b5bbadf373049cbf64b5x
67a6a81d9b517ca2ef0a57f36f588e09,67a6a81d9b517ca2ef0a57f36f588e0x
994c9af88c7791c3a9a234b6df25d398,994c9af88c7791c3a9a234b6df25d39x
25acbc94561eabafba3db9570bb54140,25acbc94561eabafba3db9570bb5414x
c55222096981b49b2b939505d76e801a,c55222096981b49b2b939505d76e801x
c1e2468ea3b4f4c10f80ed2ea471a1f4,c1e2468ea3b4f4c10f80ed2ea471a1fx
929b8d1a9ec880ca72cc4b832a77aa2f,929b8d1a9ec880ca72cc4b832a77aa2x
4ed372136668a1fc0f6d65dc15aa98a5,4ed372136668a1fc0f6d65dc15aa98ax
d20c767a8583c94805f59c004428be65,d20c767a8583c94805f59c004428be6x
871262faa63696801753d0ab235abea5,871262faa63696801753d0ab235abeax
cbe88317a3e4c901766f75a21b27da32,cbe88317a3e4c901766f75a21b27da3x
94391ff84b626409de4fadfd7a55a239,94391ff84b626409de4fadfd7a55a23x
12b4f014b2c0148af3e88c02e0d70230,12b4f014b2c0148af3e88c02e0d7023x
b0c997c168d672a3d44cf3e5ff67bfc4,b0c997c168d672a3d44cf3e5ff67bfcx
b7303c2fe836a4b4c271eec5909da5cb,b7303c2fe836a4b4c271eec5909da5cx
67d43cad74da73b9441bde53ac50fb0d,67d43cad74da73b9441bde53ac50fb0x
65237f2ef44b6074f6a95414b726c327,65237f2ef44b6074f6a95414b726c32x
06eacb2900a5649a7afc929ca701e5e3,06eacb2900a5649a7afc929ca701e5ex
0f9c8d59604f7385b5d5b31623775faa,0f9c8d59604f7385b5d5b31623775fax
87f70a649f3e023ea8c8d2875b644e1d,87f70a649f3e023ea8c8d2875b644e1x
c68958763ce8d494282558d3f254eea0,c68958763ce8d494282558d3f254eeax
523916c23fbacfadc1a035792359d405,523916c23fbacfadc1a035792359d40x
95a045ee3920ca0c682012576dc69720,95a045ee3920ca0c682012576dc6972x
52ae4bed9cedaad303958296c987c9b3,52ae4bed9cedaad303958296c987c9bx
46d09a99fe187e3dbbeb53eeec4d55f7,46d09a99fe187e3dbbeb53eeec4d55fx
980c58e5696b777fd4a0ad369f0079be,980c58e5696b777fd4a0ad369f0079bx
9d3e9b285a39f8004e3a5685bef9337c,9d3e9b285a39f8004e3a5685bef9337x
6e2eb5abd61ef55e101b0e0ae3d56f30,6e2eb5abd61ef55e101b0e0ae3d56f3x
982c432b3bfbff39b663a9471e3c040e,982c432b3bfbff39b663a9471e3c040x
05f71f75715f791e0b60ddf0686c9e50,05f71f75715f791e0b60ddf0686c9e5x
555269eab511b95f33f3811ea410ed2d,555269eab511b95f33f3811ea410ed2x
da0d19aaf9f639b480358aef7b4b5afd,da0d19aaf9f639b480358aef7b4b5afx
49034f9f9eefa990b64f53062dfb993a,49034f9f9eefa990b64f53062dfb993x
e90c44a3a6a74d40c92a23f227801769,e90c44a3a6a74d40c92a23f22780176x
93aa6e61f50785ab5fbaec0f68c1a9bc,93aa6e61f50785ab5fbaec0f68c1a9bx
df8906579ddaf3b450164f221d01a69d,df8906579ddaf3b450164f221d01a69x
f169c34f8a37b3bcc815f83c708c30f6,f169c34f8a37b3bcc815f83c708c30fx
dc80f38466e4e642842a8a5bbfa15be0,dc80f38466e4e642842a8a5bbfa15bex
69e9c05ea839be88f5b925402ea70b41,69e9c05ea839be88f5b925402ea70b4x
ddc665a8a0b169f3639be470d47b7c4e,ddc665a8a0b169f3639be470d47b7c4x
89573bc9b9df719137de80a901d557f8,89573bc9b9df719137de80a901d557fx
e8a33a071532aa8804bf900c2ba2eac5,e8a33a071532aa8804bf900c2ba2eacx
be2e47acc0083f2263ed8c0961309ded,be2e47acc0083f2263ed8c0961309dex
f856472cfbe31ab7d5503a853686a96e,f856472cfbe31ab7d5503a853686a96x
02933eb69821f5579728c6d6d6e7e678,02933eb69821f5579728c6d6d6e7e67x
6984b77d53cc57ec1470a2e70d13ae42,6984b77d53cc57ec1470a2e70d13ae4x
9e880a5de68e11f7c9dcbd47e5805898,9e880a5de68e11f7c9dcbd47e580589x
8162b90bd8c599b54bdae5de9851df5f,8162b90bd8c599b54bdae5de9851df5x
0073f88382a4ac069b7b205c5f29fe27,0073f88382a4ac069b7b205c5f29fe2x
b04b99a50b4a1185f104e3124079a471,b04b99a50b4a1185f104e3124079a47x
466e8655d3855ef95536828d9cc409d0,466e8655d3855ef95536828d9cc409dx
ee627f0f078533d37b47198466b6aeec,ee627f0f078533d37b47198466b6aeex
2047a514d00938ad740a1a82d7803af9,2047a514d00938ad740a1a82d7803afx
28a00fcbd227ae28a371e4f629f46988,28a00fcbd227ae28a371e4f629f4698x
79f5ec54829a8fa9f6274dacd3f085f5,79f5ec54829a8fa9f6274dacd3f085fx
9150e76ee155db6e2311c26dcab6ce13,9150e76ee155db6e2311c26dcab6ce1x
7c85553f5f2772d98550e50a15ad15f9,7c85553f5f2772d98550e50a15ad15fx
b9539389fad2abecaecbd0d268bff7ea,b9539389fad2abecaecbd0d268bff7ex
20812904396402acd9b5ce57f14fa836,20812904396402acd9b5ce57f14fa83x
c1737baa2069e173b722c32d2c9a7c00,c1737baa2069e173b722c32d2c9a7c0x
8e7fed66d5aba17798fc97c556b727b2,8e7fed66d5aba17798fc97c556b727bx
21aefea91f7e43347681e2decd3c5761,21aefea91f7e43347681e2decd3c576x
271e3e37f5d1b131857173cc4eca0681,271e3e37f5d1b131857173cc4eca068x
1cc451135b0ffde099565d2d28b05161,1cc451135b0ffde099565d2d28b0516x
1b07f3b67003913f301a08e010898f59,1b07f3b67003913f301a08e010898f5x
80757e32c961b8c728d489edc70e298c,80757e32c961b8c728d489edc70e298x
ba46af8f754312ae87923b80131ccded,ba46af8f754312ae87923b80131ccdex
e75221442fa0c2b4dacc38f2ca6be184,e75221442fa0c2b4dacc38f2ca6be18x
31ed9c18eb958a5fdcdc3d25d7d9c6fc,31ed9c18eb958a5fdcdc3d25d7d9c6fx
a7a736ad5d3f2f42b7a0a8aac67c6da3,a7a736ad5d3f2f42b7a0a8aac67c6dax
510cd9ba3aefefc73d15f1dd9fcd152a,510cd9ba3aefefc73d15f1dd9fcd152x
4a66a544a2141ac4cc1e2239ec1db19d,4a66a544a2141ac4cc1e2239ec1db19x
0c9b7a859d695983214588b87874f012,0c9b7a859d695983214588b87874f01x
7e9ffc31ee54750cf77b079576d41680,7e9ffc31ee54750cf77b079576d4168x
e31bdb701273fd5cc7bbc69a2fd1be9e,e31bdb701273fd5cc7bbc69a2fd1be9x
1f832a726f7fcbc4049a32e9a4d36ef2,1f832a726f7fcbc4049a32e9a4d36efx
ea45d2afa23fb59b4ad20665418633fc,ea45d2afa23fb59b4ad20665418633fx
cff3a70428fe394d8003ff5b7b8b09ac,cff3a70428fe394d8003ff5b7b8b09ax
3666c489d45eee8ab40de6282ef8d0a2,3666c489d45eee8ab40de6282ef8d0ax
525bc1b3ef66bd470b445e65d6080458,525bc1b3ef66bd470b445e65d608045x
9d196f4a4a5edfb55ecc101190a611d2,9d196f4a4a5edfb55ecc101190a611dx
5c536e941c2450b00fb1c1aa455afd4f,5c536e941c2450b00fb1c1aa455afd4x
6b6ba84678405db9095cdc7062439c04,6b6ba84678405db9095cdc7062439c0x
1b7303bb592901f0364ae624c0e0631e,1b7303bb592901f0364ae624c0e0631x
40e63ae092267ea76ad53f41dca180e5,40e63ae092267ea76ad53f41dca180ex
b1d4db39081a5ca58c146b4054f4a4ad,b1d4db39081a5ca58c146b4054f4a4ax
eefe8e6e348d58ad56e67b77d11527c3,eefe8e6e348d58ad56e67b77d11527cx
7cae2fad442a730fcd9099e1f33e56cc,7cae2fad442a730fcd9099e1f33e56cx
1c91434f2f97eeabbd5d3f89745d967c,1c91434f2f97eeabbd5d3f89745d967x
7726d6c7b0616b5abab7855f26fb58eb,7726d6c7b0616b5abab7855f26fb58ex
d776081a9913fe55d86451745e8ccf13,d776081a9913fe55d86451745e8ccf1x
83be6fcbf7214cc3632f2d8e2e67315a,83be6fcbf7214cc3632f2d8e2e67315x
9439d2be97a0337cff742652a958f2a6,9439d2be97a0337cff742652a958f2ax
1ab6412817dec4179efe26bc9e5b8a8e,1ab6412817dec4179efe26bc9e5b8a8x
6d7c5c6f63b7d63d35c3bb22978e5656,6d7c5c6f63b7d63d35c3bb22978e565x
ed66975aebb7c0d08e5f70407f19d8e8,ed66975aebb7c0d08e5f70407f19d8ex
6bbda56a105757b8199941b740c58b13,6bbda56a105757b8199941b740c58b1x
2414cecf83b4c642380ee122c1d46c03,2414cecf83b4c642380ee122c1d46c0x
d325b8e9a49cff9a1fa6f5af8a02b8fd,d325b8e9a49cff9a1fa6f5af8a02b8fx
d464fc8d06d71c559dc25a23ba8c56c4,d464fc8d06d71c559dc25a23ba8c56cx
1ddf3b7a9b2ead6568029904af29c661,1ddf3b7a9b2ead6568029904af29c66x
6f50435f9b495991555acbe1a272ac82,6f50435f9b495991555acbe1a272ac8x
5e5e6919f4a83281c136724ef544a950,5e5e6919f4a83281c136724ef544a95x
0e6164446d5abfc04a91ee100c2a7429,0e6164446d5abfc04a91ee100c2a742x
c3d9a9b31634743b0307990fa2775075,c3d9a9b31634743b0307990fa277507x
daaa1f13b8f8204343f58134ea24174b,daaa1f13b8f8204343f58134ea24174x
a1140d7c3c7cbfb2e25cabfb6793bfe3,a1140d7c3c7cbfb2e25cabfb6793bfex
a724a9e1c3289589fad166404f262e14,a724a9e1c3289589fad166404f262e1x
240d2daf5a6bbee2ed0576a47a6794d5,240d2daf5a6bbee2ed0576a47a6794dx
234606dd620586b5db35911bb0d3a62c,234606dd620586b5db35911bb0d3a62x
a305f5e4be18609cbb26605bd3d960a7,a305f5e4be18609cbb26605bd3d960ax
9a1c60fee1316a8b29c7c586d521039b,9a1c60fee1316a8b29c7c586d521039x
e6563ac869a1cd3934009342256fd9aa,e6563ac869a1cd3934009342256fd9ax
73688a03ed5a57ed8c22642ba9e2d452,73688a03ed5a57ed8c22642ba9e2d45x
f8c8ac95044474e70a2669e68dc3e267,f8c8ac95044474e70a2669e68dc3e26x
2f00ab363e953500de747c9e14e464b4,2f00ab363e953500de747c9e14e464bx
bc44289d41c42128200fb424b3623b85,bc44289d41c42128200fb424b3623b8x
725a535b371bf8eb33ab768a97583907,725a535b371bf8eb33ab768a9758390x
5f984045fa67e94f72eb49e0ba6ceb54,5f984045fa67e94f72eb49e0ba6ceb5x
9773b22f0e82097f4db071106258420e,9773b22f0e82097f4db071106258420x
7e1a89791fc513829f6a915edb783493,7e1a89791fc513829f6a915edb78349x
9a6387fb6899640ce4c0ff9021ad2f9b,9a6387fb6899640ce4c0ff9021ad2f9x
c95e2f59b661738621e222da4e67a72e,c95e2f59b661738621e222da4e67a72x
547e53900141fecc63425a43780f1c86,547e53900141fecc63425a43780f1c8x
458c31db31d4cdfe05756f114197e9b6,458c31db31d4cdfe05756f114197e9bx
e0f02962e40bc74e9d68d03751c7134a,e0f02962e40bc74e9d68d03751c7134x
e0603759a5b8c9580483dbb1a998ee5a,e0603759a5b8c9580483dbb1a998ee5x
4f429c870d8b3383dbc1bcc4c7ab1756,4f429c870d8b3383dbc1bcc4c7ab175x
24bb537227039c7f0229cae8116e08ce,24bb537227039c7f0229cae8116e08cx
4c4fb5862aab2affbb78913ad4808935,4c4fb5862aab2affbb78913ad480893x
bdafa1b136e12a8e508ec7a9e487fa82,bdafa1b136e12a8e508ec7a9e487fa8x
7833271851a20d00464be37b5fe50ac1,7833271851a20d00464be37b5fe50acx
8d19c5d2d876404b96e62909a937f9bb,8d19c5d2d876404b96e62909a937f9bx
9a76c3adf79a3a3c816623d97ecb232b,9a76c3adf79a3a3c816623d97ecb232x
0e7b0dc5513047a1857ce109fe8b4940,0e7b0dc5513047a1857ce109fe8b494x
ce6d864b32fc70542950176a85cfbc74,ce6d864b32fc70542950176a85cfbc7x
2b6d712b2e93619ef030a4fb9687d483,2b6d712b2e93619ef030a4fb9687d48x
399c7d0bf3e05a9ce114c9cacb8136ad,399c7d0bf3e05a9ce114c9cacb8136ax
ea965d60e77386e0cc9964604e6d0cc0,ea965d60e77386e0cc9964604e6d0ccx
c7ea7a6dfaa04e83a3a3dc0c316b626f,c7ea7a6dfaa04e83a3a3dc0c316b626x
3dbd1502498144ad0ecf67623361c5a2,3dbd1502498144ad0ecf67623361c5ax
157f343f04e174cbe82d9e15ace75fca,157f343f04e174cbe82d9e15ace75fcx
a3c007d2b9164e6bdfb4a1f37ed909ea,a3c007d2b9164e6bdfb4a1f37ed909ex
1234aee80d5dec8b0202cf0c4c29578d,1234aee80d5dec8b0202cf0c4c29578x
2a89e64d15c210af0805cc42782b445a,2a89e64d15c210af0805cc42782b445x
ab49c0141a556ff74f8b80a14aefe798,ab49c0141a556ff74f8b80a14aefe79x
66472c4057c5c95af24d8c3bea3fdb8f,66472c4057c5c95af24d8c3bea3fdb8x
3129c5a3c42ae8f3d62754e57850fada,3129c5a3c42ae8f3d62754e57850fadx
94679ed2f6f314fdeb5eaf6ef36c9371,94679ed2f6f314fdeb5eaf6ef36c937x
b6934ec11c1aaa511da4d505b8769e23,b6934ec11c1aaa511da4d505b8769e2x
144c9472f1c57a7564e951fc764f2cb5,144c9472f1c57a7564e951fc764f2cbx
1d45d2261c7db657213bc4654827438a,1d45d2261c7db657213bc4654827438x
f69727cece936a2db1def1b4e9de5c1d,f69727cece936a2db1def1b4e9de5c1x
5a106e9b60ed1a5fc346789a43157b39,5a106e9b60ed1a5fc346789a43157b3x
fe8eef17d6f7ea08ed9b2b7f4babf43d,fe8eef17d6f7ea08ed9b2b7f4babf43x
13736e978f491014aa50ea27537240b1,13736e978f491014aa50ea27537240bx
41744fd731224f2271bcea59a8de8a47,41744fd731224f2271bcea59a8de8a4x
86076a470c59eebdb0f6db3997c2918f,86076a470c59eebdb0f6db3997c2918x
b15d83e70c92be870b5adcc70b3b9b87,b15d83e70c92be870b5adcc70b3b9b8x
e782223d4d9551130626f986849522d0,e782223d4d9551130626f986849522dx
3dad1da28dcf2f38e94108ebba7a6c6c,3dad1da28dcf2f38e94108ebba7a6c6x
c03da9f3322f944954dd281a1e9abc22,c03da9f3322f944954dd281a1e9abc2x
2c13c8dfd0c998aab188fb21dfef5943,e6acae842d4db5150e21f182a1b1613c
2100faaf2e0ccb6b94a3cf0f7b8a04da,2100faaf2e0ccb6b94a3cf0f7b8a04dx
de02823c09992744f8f24d6c560c1f47,de02823c09992744f8f24d6c560c1f4x
734f38939f6fdaae014ebae71ac6cba5,734f38939f6fdaae014ebae71ac6cbax
94998e332b25faad9758e59b2a828532,94998e332b25faad9758e59b2a82853x
2da6dc329e4d249f3a103ce476765303,2da6dc329e4d249f3a103ce47676530x
b3ee778712147254f17659e7358b0a25,b3ee778712147254f17659e7358b0a2x
58426f085232173af2ea1af86bc8e1f4,58426f085232173af2ea1af86bc8e1fx
81dece7237b8c29cb0acc81ea30fadc5,81dece7237b8c29cb0acc81ea30fadcx
b2854d37b0492c2a817577bcd8d171eb,b2854d37b0492c2a817577bcd8d171ex
471fd669ce9fdf470b6c992735b54c7f,471fd669ce9fdf470b6c992735b54c7x
6cc89167e3b3c3c07cf0de34a599cc76,6cc89167e3b3c3c07cf0de34a599cc7x
7b012990648b9e79de11fda44b77c8c7,7b012990648b9e79de11fda44b77c8cx
7c4b5ea7ab993e38fc05e8e77377cd94,7c4b5ea7ab993e38fc05e8e77377cd9x
a08668ada0ed754daad195bb1e2e4579,a08668ada0ed754daad195bb1e2e457x
f4b6a60892382b62b971313afff564e7,f4b6a60892382b62b971313afff564ex
c6e1bb91309d3ea877a1b8007c24e782,c6e1bb91309d3ea877a1b8007c24e78x
71bd19d56c7c4654b1e86282181e694c,71bd19d56c7c4654b1e86282181e694x
7245003b793756cce7a45a9341c0bfbf,7245003b793756cce7a45a9341c0bfbx
f454f6e548a20fd4d87b182fb28512c2,f454f6e548a20fd4d87b182fb28512cx
bab46e987bf72007e83d885e3bb1852f,bab46e987bf72007e83d885e3bb1852x
d8faf959863f7c10f4fc271abb8ca958,d8faf959863f7c10f4fc271abb8ca95x
ccf493051a5996861931a148d15e4843,ccf493051a5996861931a148d15e484x
35f1a440547ef2b0b077a67c7f9e8540,35f1a440547ef2b0b077a67c7f9e854x
026a010190d48ed1202886af330ece35,026a010190d48ed1202886af330ece3x
1fc036f62ced49a1364ddda7a42ef613,1fc036f62ced49a1364ddda7a42ef61x
f5e9e0636523eab8f67f7f10922fab67,f5e9e0636523eab8f67f7f10922fab6x
fc269044dff1a3b886d0d4a60d228bb9,fc269044dff1a3b886d0d4a60d228bbx
7a3b6f0a9b36040e81d5a04115198aa1,7a3b6f0a9b36040e81d5a04115198aax
c92dcb35594062c9fa2f6ded6b9b3bb1,c92dcb35594062c9fa2f6ded6b9b3bbx
7caee89d8a34994b83a9657c94fda693,7caee89d8a34994b83a9657c94fda69x
05c20c1da2e19fc8b23a010e5bee8cd6,05c20c1da2e19fc8b23a010e5bee8cdx
91ddaf7a4291667c642cf099101b0eba,91ddaf7a4291667c642cf099101b0ebx
e987bcebaaf284b05444a0535946b268,e987bcebaaf284b05444a0535946b26x
5ff2266427f1b15076bb74ede4fd68ba,5ff2266427f1b15076bb74ede4fd68bx
e176a040320ea2d46511c0923ef2bbfe,e176a040320ea2d46511c0923ef2bbfx
232c098910e5b8794b09ee19387088f9,232c098910e5b8794b09ee19387088fx
5ad0d84ddeb91f1d56b0df97b3cb761a,5ad0d84ddeb91f1d56b0df97b3cb761x
0e9a978bc31265b1fd0e589b3c1e040e,0e9a978bc31265b1fd0e589b3c1e040x
4ab4e5cdf309594f098f17648547d389,4ab4e5cdf309594f098f17648547d38x
5e6bb54880fd13073cbfa7679ae72ebd,5e6bb54880fd13073cbfa7679ae72ebx
03e68c679accb3138d89d92c8296fe46,03e68c679accb3138d89d92c8296fe4x
bffadb7bfc039e975351786b616e3c97,bffadb7bfc039e975351786b616e3c9x
831a9dd647daf65e34828c983bd68e19,831a9dd647daf65e34828c983bd68e1x
a696540d6c9b85db53a67001e583bc49,a696540d6c9b85db53a67001e583bc4x
3b8e14f5a997bc1324ec0df726498aff,3b8e14f5a997bc1324ec0df726498afx
fa314a5128bcb943f22f21018d54bcf3,fa314a5128bcb943f22f21018d54bcfx
c161acf8e07ad50b3e986ba1b7e07295,c161acf8e07ad50b3e986ba1b7e0729x
6184e554431b28e65511254b53fb48f1,6184e554431b28e65511254b53fb48fx
396d1be8494c6f6eade366aa2f429605,396d1be8494c6f6eade366aa2f42960x
c35f7f344929b9df525c8e0b01a3140f,c35f7f344929b9df525c8e0b01a3140x
9a099499be4cf89b6c3ccef42b5d4630,9a099499be4cf89b6c3ccef42b5d463x
982f7046258424aa0076b90e4aaa7779,982f7046258424aa0076b90e4aaa777x
8727f7b1f27df06131c1ad32219f5a18,8727f7b1f27df06131c1ad32219f5a1x
d81fd737bfc3a5ff8ddd9ca85d07f0cd,d81fd737bfc3a5ff8ddd9ca85d07f0cx
999068a91c9c25d402bc5025b378d4b5,999068a91c9c25d402bc5025b378d4bx
627f825af64b743aaefb5fb79f870a1d,627f825af64b743aaefb5fb79f870a1x
0d11d85c185fa6f60d7fb4eb32ea3d2e,0d11d85c185fa6f60d7fb4eb32ea3d2x
db0b117e6bf2f74b53a3b19f2fb0bbe3,db0b117e6bf2f74b53a3b19f2fb0bbex
4342f6fcbb239a8d6cf0607122624aec,4342f6fcbb239a8d6cf0607122624aex
a1ba7e389a8cad33c279a249cb9d748e,a1ba7e389a8cad33c279a249cb9d748x
3ded1c2415525d4a58c06a5705319c61,3ded1c2415525d4a58c06a5705319c6x
2cfd3c0220da9e59dc60d93f7c98a01c,2cfd3c0220da9e59dc60d93f7c98a01x
a517f7f7beff55023a8a1ad9d499e101,a517f7f7beff55023a8a1ad9d499e10x
66c3ebbdd766898a7f625b8d25244396,66c3ebbdd766898a7f625b8d2524439x
8dd6a3b3b5e63f65bb8b1462b9518ad1,8dd6a3b3b5e63f65bb8b1462b9518adx
7e63ccc50f5ae9deab7eb7ef93ff0ac0,7e63ccc50f5ae9deab7eb7ef93ff0acx
330058b795823fdf787b1c336d9eaf5c,330058b795823fdf787b1c336d9eaf5x
4c08b161d1d35cf9567c865f5b76064f,4c08b161d1d35cf9567c865f5b76064x
e8d6b8c4042f9fd3484a0dc55f009cb7,e8d6b8c4042f9fd3484a0dc55f009cbx
45364835ebbc0ad5653e7c579c53ec0c,45364835ebbc0ad5653e7c579c53ec0x
6c372339927b3bf0686d753b40796348,6c372339927b3bf0686d753b4079634x
304bba74fd2c52b9536ed91b35403694,304bba74fd2c52b9536ed91b3540369x
23c328abb23218399b38b7a65a06e8b7,23c328abb23218399b38b7a65a06e8bx
90d7103f5b97de78361d6e2814d9dd46,90d7103f5b97de78361d6e2814d9dd4x
04ec6aef9209f178f0edbdf745542c66,04ec6aef9209f178f0edbdf745542c6x
300e153782fa078d98859b4312d12740,300e153782fa078d98859b4312d1274x
8dcf9b9faeffe7bc886e8ff5fdcc5d93,8dcf9b9faeffe7bc886e8ff5fdcc5d9x
31c8cfad17c13da5d6959467b66b20ca,31c8cfad17c13da5d6959467b66b20cx
aff8f17f0c768cbade8f4b36e9488e4c,aff8f17f0c768cbade8f4b36e9488e4x
5ac3be308a2aeb39280b4874a287b7f8,5ac3be308a2aeb39280b4874a287b7fx
b0edb3cb596a6c72643b0c12da4b1e94,b0edb3cb596a6c72643b0c12da4b1e9x
a5e5a4307ad3163469069e81cafd085b,a5e5a4307ad3163469069e81cafd085x
8aae7986b31398fdd9ea0981b07902f6,8aae7986b31398fdd9ea0981b07902fx
5a9022a46f3ca3fa604683d2ba19f81f,5a9022a46f3ca3fa604683d2ba19f81x
011b38416c06469987ba0b71971742eb,011b38416c06469987ba0b71971742ex
8aab02104c8a640d507c3e0f2de99eec,8aab02104c8a640d507c3e0f2de99eex
0688cac9bde58a8f28aa93ce6b6fa33e,0688cac9bde58a8f28aa93ce6b6fa33x
194a101b4a96dd69b754aac82745ef09,194a101b4a96dd69b754aac82745ef0x
fd7771e73a329bab23df5b498da661f5,fd7771e73a329bab23df5b498da661fx
754aef4162fd9da6fb9d5fb9b1b43e15,754aef4162fd9da6fb9d5fb9b1b43e1x
b44dcd60a2acf90b6ffd8e90146ac6cb,b44dcd60a2acf90b6ffd8e90146ac6cx
c8bc701801f239eabf95a76ac32ed9da,c8bc701801f239eabf95a76ac32ed9dx
9bdec7c8da43730a129abaa3b8178f63,9bdec7c8da43730a129abaa3b8178f6x
7aa0ed4b345a48fa2f56b7f141c68876,7aa0ed4b345a48fa2f56b7f141c6887x
bdc07b3b3be661fdb3155c2903bd6440,bdc07b3b3be661fdb3155c2903bd644x
e96377e982626fc7f92e8bda2e5fcb05,e96377e982626fc7f92e8bda2e5fcb0x
2579fdcabd39e3c551abd991f399b3a6,2579fdcabd39e3c551abd991f399b3ax
925f0461257dd59da93b99e2e1cb194d,925f0461257dd59da93b99e2e1cb194x
cd244cc47b089763a26e935c19404e67,cd244cc47b089763a26e935c19404e6x
7bc01e792ea0e9350d51199e92eb4394,7bc01e792ea0e9350d51199e92eb439x
5ece48b80dd5651e6bf11115aa41cd2a,5ece48b80dd5651e6bf11115aa41cd2x
a510a12fcb683d60d0db0c58b8c36fbc,a510a12fcb683d60d0db0c58b8c36fbx
c635b42d1905c69efdbb53d602d5307f,c635b42d1905c69efdbb53d602d5307x
67373fba253b84893fda3abff034d719,67373fba253b84893fda3abff034d71x
e9452da0250394e4e3b2bc0735220df3,e9452da0250394e4e3b2bc0735220dfx
63aef341485676a44b7da58de345a9ee,63aef341485676a44b7da58de345a9ex
644ed01da55cb5dd3d6b48cd5fefa827,644ed01da55cb5dd3d6b48cd5fefa82x
b0eaeec85affc19c746d748da94912bd,b0eaeec85affc19c746d748da94912bx
6076b3183573a53dea2f0590ea081aec,6076b3183573a53dea2f0590ea081aex
57914a07c86c953fe12e5df5bbdc2a60,57914a07c86c953fe12e5df5bbdc2a6x
b05cea7e9e6685556e994706ec1136a5,b05cea7e9e6685556e994706ec1136ax
1e64f090d2ea5c82dee14c1cdd83b46b,1e64f090d2ea5c82dee14c1cdd83b46x
4b63bdbcbbd9951ad2f662b83b020311,4b63bdbcbbd9951ad2f662b83b02031x
bff340fd229f04abfb6dc51148af179e,bff340fd229f04abfb6dc51148af179x
3f2ceaa876f50f4e9e20491592445aad,3f2ceaa876f50f4e9e20491592445aax
2f3e3251309b9e30e7fa8cb90ca9b696,2f3e3251309b9e30e7fa8cb90ca9b69x
b000836342367550169f94447e19d3c8,b000836342367550169f94447e19d3cx
8564ca1f61cbc65b339a7ab48818f317,8564ca1f61cbc65b339a7ab48818f31x
4497289cea2e66483bceedf338b5872c,4497289cea2e66483bceedf338b5872x
1d30f8543f483771f663dfbc005c4524,1d30f8543f483771f663dfbc005c452x
0890866c89be77824ff8749f4dc59714,0890866c89be77824ff8749f4dc5971x
ada45c608364f3a3ff9d5d4316e1fb44,ada45c608364f3a3ff9d5d4316e1fb4x
4faffa93000a0e44f39a0f2eaf6fe5c9,4faffa93000a0e44f39a0f2eaf6fe5cx
0eafb8287e5f8d3690f6ebd495406785,0eafb8287e5f8d3690f6ebd49540678x
279b4860920fec59d01c74280762c4ff,279b4860920fec59d01c74280762c4fx
a9a03814c2ac2d869e4c85ad125bf2b9,a9a03814c2ac2d869e4c85ad125bf2bx
214a15f1838aec02eef354c87a869710,214a15f1838aec02eef354c87a86971x
9a49a9207b8710c7fd5bad263c7d0d43,9a49a9207b8710c7fd5bad263c7d0d4x
bd0fc3929b3a75ffb494e3d35b4ad8a4,bd0fc3929b3a75ffb494e3d35b4ad8ax
4b7d5c3f3684d839dc0c803961133a9b,4b7d5c3f3684d839dc0c803961133a9x
972fc113012902861b6e289b8ee89ed9,972fc113012902861b6e289b8ee89edx
e92e268dc5d48670cb58e32ca2ac498e,e92e268dc5d48670cb58e32ca2ac498x
90a9b78b8b2077547df9b0d2c1b70743,90a9b78b8b2077547df9b0d2c1b7074x
5ba6085ee19a54b5be8094afa2a9ddc7,5ba6085ee19a54b5be8094afa2a9ddcx
84552980e6b5491e9ceb82cc746faa49,84552980e6b5491e9ceb82cc746faa4x
3fc5a43b68e25005b6dad1c2a49ef910,3fc5a43b68e25005b6dad1c2a49ef91x
4f141e64fdfa958790aabaf4ff9e7f9d,4f141e64fdfa958790aabaf4ff9e7f9x
57a9f68a875f30805c3d33e1b52a49a0,57a9f68a875f30805c3d33e1b52a49ax
9cb3c388d9fcbcb1f24b6df4a87ace4b,9cb3c388d9fcbcb1f24b6df4a87ace4x
a7557a5ec0e2ccf129b60edc746199da,a7557a5ec0e2ccf129b60edc746199dx
ef1ced2fef726077c78b16892a949f44,ef1ced2fef726077c78b16892a949f4x
9780e807bf1e8e39a6925276a37b9171,9780e807bf1e8e39a6925276a37b917x
cf6e53f64614986a1e501aaee653c405,cf6e53f64614986a1e501aaee653c40x
23da660fc0bc6ab9f0fc7e9b737e2274,23da660fc0bc6ab9f0fc7e9b737e227x
03b037844bf0b00287e2ba23922b84d5,03b037844bf0b00287e2ba23922b84dx
93faed5efe707bf120cde94fb3eaa9d6,93faed5efe707bf120cde94fb3eaa9dx
d11b6d7d3addae6f1d2a2643bae31f6f,d11b6d7d3addae6f1d2a2643bae31f6x
d0170efb259904943ba7acd2fe1fd7a0,d0170efb259904943ba7acd2fe1fd7ax
c42184fd6faf7f9c6f21edf9d0bb767f,c42184fd6faf7f9c6f21edf9d0bb767x
876b9bc4722b1225b4f386202ae49caf,876b9bc4722b1225b4f386202ae49cax
cb6c14a43d9070e1fe39e5e55b04597c,cb6c14a43d9070e1fe39e5e55b04597x
c2d63ecd8f03704f259ee27b2ea74dd7,c2d63ecd8f03704f259ee27b2ea74ddx
f1fb1993f866aea571e7d011d96ff65e,f1fb1993f866aea571e7d011d96ff65x
5389ba048025cf4ab1bc08fa6725ac03,5389ba048025cf4ab1bc08fa6725ac0x
17bcf70bacb1484cfd7d9458ab3d87f6,17bcf70bacb1484cfd7d9458ab3d87fx
aa606607606b0c6c2fab35a5914aaec8,aa606607606b0c6c2fab35a5914aaecx
7a3f891e07f80d4f8d9b591916ace289,7a3f891e07f80d4f8d9b591916ace28x
ff71fcac5daa06538e112f8ca15b2ad8,ff71fcac5daa06538e112f8ca15b2adx
2595f45a93d8d81af1810b8f2c2cc0e6,2595f45a93d8d81af1810b8f2c2cc0ex
fd9085d1c15e8a9f50ac43a30d4c6aa7,fd9085d1c15e8a9f50ac43a30d4c6aax
fcefb2f40d7994621140784852e2aa17,fcefb2f40d7994621140784852e2aa1x
44bb1cd537567e006d3b7c8e118736bc,44bb1cd537567e006d3b7c8e118736bx
e752f469350653f2fa11999ca96e9df0,e752f469350653f2fa11999ca96e9dfx
9711cb9305c210c473c47792bc675b5a,9711cb9305c210c473c47792bc675b5x
c8b027ce87a9b644ce8cc3f1eb44308e,c8b027ce87a9b644ce8cc3f1eb44308x
ae110d8eb3ea32c9f3d0769010b3b31a,ae110d8eb3ea32c9f3d0769010b3b31x
abf704de202d3ab7ea57dd10db1aac5b,abf704de202d3ab7ea57dd10db1aac5x
1f682e92e1160e82691689a15e8002e9,1f682e92e1160e82691689a15e8002ex
bde7420c8b1d79347194bbefeb791b3b,bde7420c8b1d79347194bbefeb791b3x
229e26c744702f3580f4fbee5c992cc8,229e26c744702f3580f4fbee5c992ccx
455d3582cb0d74d8ca10426ffd7e4636,455d3582cb0d74d8ca10426ffd7e463x
5edb0c60887a7ab0d2d1a10b57575ef4,5edb0c60887a7ab0d2d1a10b57575efx
5ae5ede702313909cc3340a6310db467,5ae5ede702313909cc3340a6310db46x
b76b3def644c8ef1d3e8207402c0641d,b76b3def644c8ef1d3e8207402c0641x
de76d1d10a41f97df70531d43b81a278,de76d1d10a41f97df70531d43b81a27x
5cc099cde9f0e30bfd7502d560bd2f25,5cc099cde9f0e30bfd7502d560bd2f2x
7b34222a65e6d9b233e5c8ba1e3633f0,7b34222a65e6d9b233e5c8ba1e3633fx
29f8fe2a66f5370ff556de7f4ec13927,29f8fe2a66f5370ff556de7f4ec1392x
1cce56e3ac1529494ccdcc38570ee391,1cce56e3ac1529494ccdcc38570ee39x
0b2fdceebfd0ec4c762b68bf5d2092eb,0b2fdceebfd0ec4c762b68bf5d2092ex
84513fe9d2a5d78de1322827f3d60b3a,84513fe9d2a5d78de1322827f3d60b3x
20667105c67f72196dcd0e20fe5d5a12,20667105c67f72196dcd0e20fe5d5a1x
ada21ab7371b765d46f6fd180d9e9704,ada21ab7371b765d46f6fd180d9e970x
dd665a74352b75d3b14f421087ad21f1,dd665a74352b75d3b14f421087ad21fx
9f05ac9f5fe29ddf1fb1df705052d9da,9f05ac9f5fe29ddf1fb1df705052d9dx
8c70a1540b3d934905466bed9ccb17b9,8c70a1540b3d934905466bed9ccb17bx
b0aedf281e59cd2b84e7de834dd19b41,b0aedf281e59cd2b84e7de834dd19b4x
8f142e568c7f9a9f0f199fc5d33a29b0,8f142e568c7f9a9f0f199fc5d33a29bx
ddbbd59b6309952d91397b13190cce11,ddbbd59b6309952d91397b13190cce1x
950e62f520811172a585daf04e7658cb,950e62f520811172a585daf04e7658cx
73fb9e93c3ac620afbeb806a52859f54,73fb9e93c3ac620afbeb806a52859f5x
e6e7df2059cd5dafe66f6b9af719cfc3,e6e7df2059cd5dafe66f6b9af719cfcx
c4b61893d9999eb7e4a806ce099cc4fd,c4b61893d9999eb7e4a806ce099cc4fx
9c53c1f883e14e43fb4b7b3ef7696657,9c53c1f883e14e43fb4b7b3ef769665x
23d49d42e23e318c2507906c49f2b156,23d49d42e23e318c2507906c49f2b15x
dbfcd4d91427e412333bfd39699e699e,dbfcd4d91427e412333bfd39699e699x
9b16c558dd0f6915e809fb2d393a27c5,9b16c558dd0f6915e809fb2d393a27cx
3d0e30fde2c7de2a85ddcafa7b01b21f,3d0e30fde2c7de2a85ddcafa7b01b21x
56cb297871c60886cb3323930a5a890f,56cb297871c60886cb3323930a5a890x
fbb09a872a0c3d28f20afa1d4c068f8e,fbb09a872a0c3d28f20afa1d4c068f8x
f3684d69ff988f8f4963400427107f33,f3684d69ff988f8f4963400427107f3x
d8151a0e21f44fa060ac227ccf8f5917,d8151a0e21f44fa060ac227ccf8f591x
2100ebfdd372abf6f399a911667e93ad,2100ebfdd372abf6f399a911667e93ax
c18af359b9253fed4a471dd2aea053b7,c18af359b9253fed4a471dd2aea053bx
0b2c59bd0cb32b07677b0bb8827b3e78,0b2c59bd0cb32b07677b0bb8827b3e7x
bcac0298871a41d7952d3987d76a3bf0,bcac0298871a41d7952d3987d76a3bfx
e57e0439ff25294b995d26b42039e355,e57e0439ff25294b995d26b42039e35x
ba5b14f34f9572387bd9b085025de539,ba5b14f34f9572387bd9b085025de53x
622fc770aaa478e54bb6b8f30865c6db,622fc770aaa478e54bb6b8f30865c6dx
3d7792366c28f4faa1c54e663e8113ef,3d7792366c28f4faa1c54e663e8113ex
54e83bb8eb6353b532490c87e2f1976a,54e83bb8eb6353b532490c87e2f1976x
945cf0a3113b7a068268ae8e6b510ca3,945cf0a3113b7a068268ae8e6b510cax
0915b442c450699914b1f1abdec73570,0915b442c450699914b1f1abdec7357x
60adb648e7aa45f68dd50289ca1cc9af,60adb648e7aa45f68dd50289ca1cc9ax
edbbbac92da57510828f45aee4dcf264,edbbbac92da57510828f45aee4dcf26x
207fa6898f39bdbdb701d206d9123b5d,207fa6898f39bdbdb701d206d9123b5x
a934df083daf248dc72a15ba481d5233,a934df083daf248dc72a15ba481d523x
7b1ebaf812479e7796349c06450a7f83,7b1ebaf812479e7796349c06450a7f8x
bd911581e385ecdef1166bb256264deb,bd911581e385ecdef1166bb256264dex
0a2d0e014d39ccde1387ba6b77a78cd9,0a2d0e014d39ccde1387ba6b77a78cdx
723a2a49616daaa67d5afe8afcadcb2c,723a2a49616daaa67d5afe8afcadcb2x
2e19996ac4df611dde48a279fec2e264,2e19996ac4df611dde48a279fec2e26x
4781d33ba2db8b14719d9cd9903dfa34,4781d33ba2db8b14719d9cd9903dfa3x
54c2d720d4e53faa06590b299eb73175,54c2d720d4e53faa06590b299eb7317x
32cf3fa0de4b46d0f623dcbb820ec9d7,32cf3fa0de4b46d0f623dcbb820ec9dx
5d13ddb16d0d301e1df8cd3041ebc804,5d13ddb16d0d301e1df8cd3041ebc80x
7008c70c2e1f27439fe33da8333b9baa,7008c70c2e1f27439fe33da8333b9bax
d8d4ff67dad679a23b50b813a6f81a5c,d8d4ff67dad679a23b50b813a6f81a5x
25ab45945beba65bbd8996e651d2241a,25ab45945beba65bbd8996e651d2241x
cdced2c77b19c767cfd807a7aef944a1,cdced2c77b19c767cfd807a7aef944ax
c8b5d2b5c2d53f00bdcf97eb5a91a70d,c8b5d2b5c2d53f00bdcf97eb5a91a70x
f581492b4eac0bdc5bcd47f765d3216c,f581492b4eac0bdc5bcd47f765d3216x
8be60ab6bbfbc9489484fc4e89179f4e,8be60ab6bbfbc9489484fc4e89179f4x
c576a8aabe40ccdb21589bc9f4438c08,c576a8aabe40ccdb21589bc9f4438c0x
b918ea9efde744b3db85bff6283c57c8,b918ea9efde744b3db85bff6283c57cx
52e82339bd39ae448034b1dbc2ca4740,52e82339bd39ae448034b1dbc2ca474x
12c9fb6870d4b079e4dcbb2e95a57a0a,12c9fb6870d4b079e4dcbb2e95a57a0x
fbe7a94c9b2f6580bb5646ed68820c6f,fbe7a94c9b2f6580bb5646ed68820c6x
c4ea30761a52eb836175679d32b2aaae,c4ea30761a52eb836175679d32b2aaax
a028604f077750b93c96a488415798ad,a028604f077750b93c96a488415798ax
26feb04b8acf15d79e2fb9588ffe035c,26feb04b8acf15d79e2fb9588ffe035x
4c597198efc5e73a51deac419cb8cbfe,4c597198efc5e73a51deac419cb8cbfx
119edfe6c5369cb96660b93c378d4fe0,119edfe6c5369cb96660b93c378d4fex
c5b5404fa8d0b98d29b1cc7393937ad6,c5b5404fa8d0b98d29b1cc7393937adx
5acbcfa6ed488fdf0a418d377fdc79ac,5acbcfa6ed488fdf0a418d377fdc79ax
5849c17ee2f7cd8bbe5cf943a5981627,5849c17ee2f7cd8bbe5cf943a598162x
f8fd0c18a252937db9d6996cc224fd37,f8fd0c18a252937db9d6996cc224fd3x
1d8f9d168faa8336cfc0f95dc3ba7b91,1d8f9d168faa8336cfc0f95dc3ba7b9x
629a4afdb212ee9c783a9ad995d172cb,629a4afdb212ee9c783a9ad995d172cx
9cb1782b54dd160c9588bf346fe66306,9cb1782b54dd160c9588bf346fe6630x
f3868497605378548ab5f3fdc7738f89,f3868497605378548ab5f3fdc7738f8x
05792f5c24b55689743a5668e23fb2f8,05792f5c24b55689743a5668e23fb2fx
f5b1b99d6e6fcaa2e4fc512b0ddd5bdf,f5b1b99d6e6fcaa2e4fc512b0ddd5bdx
1340b19a7b0dd002d834c8eae30d0a1c,1340b19a7b0dd002d834c8eae30d0a1x
078026dbcc69c4b7b8109be147f906be,078026dbcc69c4b7b8109be147f906bx
