TariffCode,AttributeName,AttributeValue
3005101000,COMMODITYTYPE,MED
3005109000,COMMODITYTYPE,MED
3005901000,COMMODITYTYPE,MED
3005909000,COMMODITYTYPE,MED
3006700000,COMMODITYTYPE,MED
4014900000,COMMODITYTYPE,MED
4015901000,COMMODITYTYPE,MED
4818900000,COMMODITYTYPE,MED
5208210060,COMMODITYTYPE,MED
8419200000,COMMODITYTYPE,MED
9018110000,COMMODITYTYPE,MED
9018121000,COMMODITYTYPE,MED
9018129110,COMMODITYTYPE,MED
9018129190,COMMODITYTYPE,MED
9018129900,COMMODITYTYPE,MED
9018131000,COMMODITYTYPE,MED
9018139000,COMMODITYTYPE,MED
9018140000,COMMODITYTYPE,MED
9018193010,COMMODITYTYPE,MED
9018193090,COMMODITYTYPE,MED
9018194100,COMMODITYTYPE,MED
9018194900,COMMODITYTYPE,MED
9018199000,COMMODITYTYPE,MED
9018200000,COMMODITYTYPE,MED
9018310000,COMMODITYTYPE,MED
9018321000,COMMODITYTYPE,MED
9018322000,COMMODITYTYPE,MED
9018390000,COMMODITYTYPE,MED
9018410000,COMMODITYTYPE,MED
9018491000,COMMODITYTYPE,MED
9018499000,COMMODITYTYPE,MED
9018500000,COMMODITYTYPE,MED
9018901000,COMMODITYTYPE,MED
9018902010,COMMODITYTYPE,MED
9018902090,COMMODITYTYPE,MED
9018903010,COMMODITYTYPE,MED
9018903090,COMMODITYTYPE,MED
9018904000,COMMODITYTYPE,MED
9018905000,COMMODITYTYPE,MED
9018906000,COMMODITYTYPE,MED
9018907010,COMMODITYTYPE,MED
9018907090,COMMODITYTYPE,MED
9018909100,COMMODITYTYPE,MED
9018909911,COMMODITYTYPE,MED
9018909919,COMMODITYTYPE,MED
9018909991,COMMODITYTYPE,MED
9018909999,COMMODITYTYPE,MED
9019101000,COMMODITYTYPE,MED
9019109000,COMMODITYTYPE,MED
9019200000,COMMODITYTYPE,MED
9020000000,COMMODITYTYPE,MED
9021100000,COMMODITYTYPE,MED
9021210000,COMMODITYTYPE,MED
9021290000,COMMODITYTYPE,MED
9021310000,COMMODITYTYPE,MED
9021390000,COMMODITYTYPE,MED
9021400000,COMMODITYTYPE,MED
9021500000,COMMODITYTYPE,MED
9021901100,COMMODITYTYPE,MED
9021901900,COMMODITYTYPE,MED
9021909010,COMMODITYTYPE,MED
9021909090,COMMODITYTYPE,MED
9022120000,COMMODITYTYPE,MED
9022130000,COMMODITYTYPE,MED
9022140010,COMMODITYTYPE,MED
9022140090,COMMODITYTYPE,MED
9022210000,COMMODITYTYPE,MED
84143014,COMMODITYTYPE,CFCS
84143015,COMMODITYTYPE,CFCS
8415812001,COMMODITYTYPE,CFCS
8415812090,COMMODITYTYPE,CFCS
8415822001,COMMODITYTYPE,CFCS
8415822090,COMMODITYTYPE,CFCS
84183010,COMMODITYTYPE,CFCS
84184010,COMMODITYTYPE,CFCS
8419409090,COMMODITYTYPE,UME
8419609010,COMMODITYTYPE,UME
8454309000,COMMODITYTYPE,UME
8426200000,COMMODITYTYPE,UME
8426411000,COMMODITYTYPE,UME
8426419000,COMMODITYTYPE,UME
8426491000,COMMODITYTYPE,UME
8426499000,COMMODITYTYPE,UME
8426990000,COMMODITYTYPE,UME
8427209000,COMMODITYTYPE,UME
8427900000,COMMODITYTYPE,UME
8428109000,COMMODITYTYPE,UME
8426193000,COMMODITYTYPE,UME
8426194100,COMMODITYTYPE,UME
8426194200,COMMODITYTYPE,UME
8427101000,COMMODITYTYPE,UME
8427102000,COMMODITYTYPE,UME
8428602100,COMMODITYTYPE,UME
8439100000,COMMODITYTYPE,UME
8439200000,COMMODITYTYPE,UME
8439300000,COMMODITYTYPE,UME
8501641090,COMMODITYTYPE,UME
8501642010,COMMODITYTYPE,UME
8501642090,COMMODITYTYPE,UME
8501643010,COMMODITYTYPE,UME
8501643090,COMMODITYTYPE,UME
8502120000,COMMODITYTYPE,UME
8502131000,COMMODITYTYPE,UME
8502132000,COMMODITYTYPE,UME
8502200000,COMMODITYTYPE,UME
8502390010,COMMODITYTYPE,UME
8515319100,COMMODITYTYPE,UME
8515319900,COMMODITYTYPE,UME
8515390000,COMMODITYTYPE,UME
8515809010,COMMODITYTYPE,UME
8515809090,COMMODITYTYPE,UME
8419810000,COMMODITYTYPE,UME
8421220000,COMMODITYTYPE,UME
8422301010,COMMODITYTYPE,UME
8422301090,COMMODITYTYPE,UME
8434200000,COMMODITYTYPE,UME
8438100010,COMMODITYTYPE,UME
8432313100,COMMODITYTYPE,UME
8432393100,COMMODITYTYPE,UME
8433510001,COMMODITYTYPE,UME
8433510090,COMMODITYTYPE,UME
8433530001,COMMODITYTYPE,UME
8433591001,COMMODITYTYPE,UME
8433592000,COMMODITYTYPE,UME
8433599001,COMMODITYTYPE,UME
8433599090,COMMODITYTYPE,UME
8440102000,COMMODITYTYPE,UME
8443120000,COMMODITYTYPE,UME
8443140000,COMMODITYTYPE,UME
8443150000,COMMODITYTYPE,UME
8443160001,COMMODITYTYPE,UME
8443160002,COMMODITYTYPE,UME
8443160090,COMMODITYTYPE,UME
8443198000,COMMODITYTYPE,UME
8453100000,COMMODITYTYPE,UME
8901101010,COMMODITYTYPE,UME
8901101090,COMMODITYTYPE,UME
8903920001,COMMODITYTYPE,UME
8903920090,COMMODITYTYPE,UME
8903990001,COMMODITYTYPE,UME
8901109000,COMMODITYTYPE,UME
8901909000,COMMODITYTYPE,UME
8443999010,COMMODITYTYPE,UME
9022300000,COMMODITYTYPE,UME
1301904010,COMMODITYTYPE,DGC
1301904090,COMMODITYTYPE,DGC
1302110000,COMMODITYTYPE,DGC
1302191000,COMMODITYTYPE,DGC
2207100000,COMMODITYTYPE,DGC
2207200010,COMMODITYTYPE,DGC
2503000000,COMMODITYTYPE,DGC
2524100000,COMMODITYTYPE,DGC
2524901010,COMMODITYTYPE,DGC
2524901090,COMMODITYTYPE,DGC
2524909010,COMMODITYTYPE,DGC
2524909090,COMMODITYTYPE,DGC
2617901000,COMMODITYTYPE,DGC
2705000010,COMMODITYTYPE,DGC
2705000090,COMMODITYTYPE,DGC
2706000001,COMMODITYTYPE,DGC
2706000090,COMMODITYTYPE,DGC
2707100000,COMMODITYTYPE,DGC
2707200000,COMMODITYTYPE,DGC
2707300000,COMMODITYTYPE,DGC
2707400000,COMMODITYTYPE,DGC
2707500000,COMMODITYTYPE,DGC
2707910000,COMMODITYTYPE,DGC
2707991000,COMMODITYTYPE,DGC
2707999000,COMMODITYTYPE,DGC
2708100000,COMMODITYTYPE,DGC
2709000000,COMMODITYTYPE,DGC
2710121000,COMMODITYTYPE,DGC
2710122000,COMMODITYTYPE,DGC
2710123000,COMMODITYTYPE,DGC
2710129101,COMMODITYTYPE,DGC
2710129190,COMMODITYTYPE,DGC
2710129990,COMMODITYTYPE,DGC
2710191100,COMMODITYTYPE,DGC
2710191200,COMMODITYTYPE,DGC
2710191910,COMMODITYTYPE,DGC
2710191990,COMMODITYTYPE,DGC
2710192300,COMMODITYTYPE,DGC
2710192990,COMMODITYTYPE,DGC
2710199310,COMMODITYTYPE,DGC
2710199390,COMMODITYTYPE,DGC
2710199990,COMMODITYTYPE,DGC
2710910000,COMMODITYTYPE,DGC
2710990000,COMMODITYTYPE,DGC
2711110000,COMMODITYTYPE,DGC
2711120000,COMMODITYTYPE,DGC
2711131000,COMMODITYTYPE,DGC
2711139000,COMMODITYTYPE,DGC
2711140090,COMMODITYTYPE,DGC
2711199010,COMMODITYTYPE,DGC
2711199090,COMMODITYTYPE,DGC
2711210000,COMMODITYTYPE,DGC
2711290010,COMMODITYTYPE,DGC
2711290090,COMMODITYTYPE,DGC
2801100000,COMMODITYTYPE,DGC
2801301000,COMMODITYTYPE,DGC
2801302000,COMMODITYTYPE,DGC
2802000000,COMMODITYTYPE,DGC
2804100000,COMMODITYTYPE,DGC
2804210000,COMMODITYTYPE,DGC
2804290000,COMMODITYTYPE,DGC
2804300000,COMMODITYTYPE,DGC
2804400000,COMMODITYTYPE,DGC
2804619099,COMMODITYTYPE,DGC
2804690000,COMMODITYTYPE,DGC
2804701000,COMMODITYTYPE,DGC
2804709010,COMMODITYTYPE,DGC
2804800000,COMMODITYTYPE,DGC
2804909000,COMMODITYTYPE,DGC
2805110000,COMMODITYTYPE,DGC
2805120010,COMMODITYTYPE,DGC
2805120090,COMMODITYTYPE,DGC
2805191000,COMMODITYTYPE,DGC
2805199000,COMMODITYTYPE,DGC
2805301100,COMMODITYTYPE,DGC
2805301400,COMMODITYTYPE,DGC
2805301510,COMMODITYTYPE,DGC
2805301590,COMMODITYTYPE,DGC
2805302900,COMMODITYTYPE,DGC
2805400000,COMMODITYTYPE,DGC
2806100000,COMMODITYTYPE,DGC
2806200000,COMMODITYTYPE,DGC
2807000010,COMMODITYTYPE,DGC
2807000090,COMMODITYTYPE,DGC
2808000010,COMMODITYTYPE,DGC
2808000090,COMMODITYTYPE,DGC
2809100000,COMMODITYTYPE,DGC
2809201100,COMMODITYTYPE,DGC
2809201900,COMMODITYTYPE,DGC
2809209000,COMMODITYTYPE,DGC
2810002000,COMMODITYTYPE,DGC
2811111000,COMMODITYTYPE,DGC
2811119000,COMMODITYTYPE,DGC
2811120000,COMMODITYTYPE,DGC
2811192000,COMMODITYTYPE,DGC
2811199010,COMMODITYTYPE,DGC
2811199020,COMMODITYTYPE,DGC
2811199090,COMMODITYTYPE,DGC
2811210000,COMMODITYTYPE,DGC
2811290010,COMMODITYTYPE,DGC
2811290020,COMMODITYTYPE,DGC
2811290090,COMMODITYTYPE,DGC
2812110000,COMMODITYTYPE,DGC
2812120000,COMMODITYTYPE,DGC
2812130000,COMMODITYTYPE,DGC
2812140000,COMMODITYTYPE,DGC
2812150000,COMMODITYTYPE,DGC
2812160000,COMMODITYTYPE,DGC
2812170000,COMMODITYTYPE,DGC
2812190020,COMMODITYTYPE,DGC
2812190091,COMMODITYTYPE,DGC
2812190099,COMMODITYTYPE,DGC
2812901100,COMMODITYTYPE,DGC
2812901910,COMMODITYTYPE,DGC
2812901920,COMMODITYTYPE,DGC
2812901930,COMMODITYTYPE,DGC
2812901990,COMMODITYTYPE,DGC
2812909010,COMMODITYTYPE,DGC
2812909090,COMMODITYTYPE,DGC
2813100000,COMMODITYTYPE,DGC
2813900010,COMMODITYTYPE,DGC
2813900020,COMMODITYTYPE,DGC
2813900090,COMMODITYTYPE,DGC
2814100000,COMMODITYTYPE,DGC
2814200010,COMMODITYTYPE,DGC
2815110000,COMMODITYTYPE,DGC
2815120000,COMMODITYTYPE,DGC
2815200000,COMMODITYTYPE,DGC
2815300000,COMMODITYTYPE,DGC
2816100010,COMMODITYTYPE,DGC
2816400000,COMMODITYTYPE,DGC
2817009000,COMMODITYTYPE,DGC
2819100000,COMMODITYTYPE,DGC
2824100000,COMMODITYTYPE,DGC
2824901000,COMMODITYTYPE,DGC
2824909000,COMMODITYTYPE,DGC
2825101090,COMMODITYTYPE,DGC
2825102000,COMMODITYTYPE,DGC
2825109000,COMMODITYTYPE,DGC
2825201000,COMMODITYTYPE,DGC
2825209000,COMMODITYTYPE,DGC
2825301000,COMMODITYTYPE,DGC
2825309000,COMMODITYTYPE,DGC
2825800000,COMMODITYTYPE,DGC
2825909000,COMMODITYTYPE,DGC
2826191010,COMMODITYTYPE,DGC
2826191090,COMMODITYTYPE,DGC
2826192010,COMMODITYTYPE,DGC
2826192020,COMMODITYTYPE,DGC
2826199010,COMMODITYTYPE,DGC
2826199020,COMMODITYTYPE,DGC
2826199030,COMMODITYTYPE,DGC
2826199090,COMMODITYTYPE,DGC
2826901000,COMMODITYTYPE,DGC
2826909010,COMMODITYTYPE,DGC
2826909030,COMMODITYTYPE,DGC
2826909090,COMMODITYTYPE,DGC
2827320000,COMMODITYTYPE,DGC
2827350000,COMMODITYTYPE,DGC
2827392000,COMMODITYTYPE,DGC
2827393000,COMMODITYTYPE,DGC
2827399000,COMMODITYTYPE,DGC
2827499000,COMMODITYTYPE,DGC
2827590000,COMMODITYTYPE,DGC
2827600000,COMMODITYTYPE,DGC
2828100000,COMMODITYTYPE,DGC
2828900000,COMMODITYTYPE,DGC
2829110000,COMMODITYTYPE,DGC
2829191000,COMMODITYTYPE,DGC
2829199000,COMMODITYTYPE,DGC
2829900010,COMMODITYTYPE,DGC
2829900090,COMMODITYTYPE,DGC
2830101000,COMMODITYTYPE,DGC
2830109000,COMMODITYTYPE,DGC
2830902000,COMMODITYTYPE,DGC
2830909000,COMMODITYTYPE,DGC
2831101000,COMMODITYTYPE,DGC
2831900000,COMMODITYTYPE,DGC
2832100000,COMMODITYTYPE,DGC
2832200000,COMMODITYTYPE,DGC
2833190000,COMMODITYTYPE,DGC
2833240000,COMMODITYTYPE,DGC
2833299010,COMMODITYTYPE,DGC
2833299090,COMMODITYTYPE,DGC
2833400000,COMMODITYTYPE,DGC
2834100000,COMMODITYTYPE,DGC
2834219000,COMMODITYTYPE,DGC
2834291000,COMMODITYTYPE,DGC
2834299001,COMMODITYTYPE,DGC
2834299090,COMMODITYTYPE,DGC
2835100000,COMMODITYTYPE,DGC
2835299000,COMMODITYTYPE,DGC
2836999000,COMMODITYTYPE,DGC
2837111000,COMMODITYTYPE,DGC
2837191000,COMMODITYTYPE,DGC
2837199011,COMMODITYTYPE,DGC
2837199012,COMMODITYTYPE,DGC
2837199013,COMMODITYTYPE,DGC
2837199014,COMMODITYTYPE,DGC
2837200011,COMMODITYTYPE,DGC
2837200012,COMMODITYTYPE,DGC
2839110000,COMMODITYTYPE,DGC
2839900010,COMMODITYTYPE,DGC
2840300000,COMMODITYTYPE,DGC
2841300000,COMMODITYTYPE,DGC
2841500000,COMMODITYTYPE,DGC
2841610000,COMMODITYTYPE,DGC
2841699000,COMMODITYTYPE,DGC
2841900090,COMMODITYTYPE,DGC
2903710000,COMMODITYTYPE,DGC
2903740000,COMMODITYTYPE,DGC
2903760010,COMMODITYTYPE,DGC
2903760020,COMMODITYTYPE,DGC
2903772011,COMMODITYTYPE,DGC
2903772012,COMMODITYTYPE,DGC
2903772014,COMMODITYTYPE,DGC
2903772015,COMMODITYTYPE,DGC
2903772016,COMMODITYTYPE,DGC
2903772090,COMMODITYTYPE,DGC
2903779000,COMMODITYTYPE,DGC
2903780000,COMMODITYTYPE,DGC
2903791011,COMMODITYTYPE,DGC
2903791012,COMMODITYTYPE,DGC
2903799021,COMMODITYTYPE,DGC
2903799090,COMMODITYTYPE,DGC
2903810010,COMMODITYTYPE,DGC
2903810020,COMMODITYTYPE,DGC
2903810090,COMMODITYTYPE,DGC
2903820010,COMMODITYTYPE,DGC
2903820090,COMMODITYTYPE,DGC
2903830000,COMMODITYTYPE,DGC
2903890010,COMMODITYTYPE,DGC
2903890020,COMMODITYTYPE,DGC
2903890090,COMMODITYTYPE,DGC
2903911000,COMMODITYTYPE,DGC
2903919090,COMMODITYTYPE,DGC
2903920000,COMMODITYTYPE,DGC
2903930000,COMMODITYTYPE,DGC
2903940000,COMMODITYTYPE,DGC
2903991000,COMMODITYTYPE,DGC
2903999010,COMMODITYTYPE,DGC
2903999030,COMMODITYTYPE,DGC
2903999090,COMMODITYTYPE,DGC
2904100000,COMMODITYTYPE,DGC
2904201000,COMMODITYTYPE,DGC
2904202000,COMMODITYTYPE,DGC
2904203000,COMMODITYTYPE,DGC
2904204000,COMMODITYTYPE,DGC
2904209010,COMMODITYTYPE,DGC
2904209020,COMMODITYTYPE,DGC
2904209090,COMMODITYTYPE,DGC
2904310000,COMMODITYTYPE,DGC
2904320000,COMMODITYTYPE,DGC
2904330000,COMMODITYTYPE,DGC
2904340000,COMMODITYTYPE,DGC
2904360000,COMMODITYTYPE,DGC
2904910000,COMMODITYTYPE,DGC
2904990011,COMMODITYTYPE,DGC
2904990013,COMMODITYTYPE,DGC
2904990090,COMMODITYTYPE,DGC
2905110000,COMMODITYTYPE,DGC
2905121000,COMMODITYTYPE,DGC
2842901910,COMMODITYTYPE,DGC
2842902000,COMMODITYTYPE,DGC
2842905000,COMMODITYTYPE,DGC
2842909013,COMMODITYTYPE,DGC
2842909014,COMMODITYTYPE,DGC
2842909015,COMMODITYTYPE,DGC
2842909016,COMMODITYTYPE,DGC
2842909017,COMMODITYTYPE,DGC
2842909018,COMMODITYTYPE,DGC
2842909019,COMMODITYTYPE,DGC
2842909021,COMMODITYTYPE,DGC
2842909022,COMMODITYTYPE,DGC
2842909023,COMMODITYTYPE,DGC
2842909090,COMMODITYTYPE,DGC
2843210000,COMMODITYTYPE,DGC
2843290010,COMMODITYTYPE,DGC
2843290090,COMMODITYTYPE,DGC
2843300010,COMMODITYTYPE,DGC
2843900039,COMMODITYTYPE,DGC
2843900099,COMMODITYTYPE,DGC
2845900010,COMMODITYTYPE,DGC
2846109010,COMMODITYTYPE,DGC
2846109090,COMMODITYTYPE,DGC
2846903300,COMMODITYTYPE,DGC
2846909100,COMMODITYTYPE,DGC
2846909200,COMMODITYTYPE,DGC
2846909400,COMMODITYTYPE,DGC
2846909500,COMMODITYTYPE,DGC
2846909690,COMMODITYTYPE,DGC
2846909990,COMMODITYTYPE,DGC
2847000000,COMMODITYTYPE,DGC
2849100000,COMMODITYTYPE,DGC
2849909000,COMMODITYTYPE,DGC
2850001900,COMMODITYTYPE,DGC
2850009010,COMMODITYTYPE,DGC
2850009090,COMMODITYTYPE,DGC
2852100000,COMMODITYTYPE,DGC
2853100000,COMMODITYTYPE,DGC
2853904010,COMMODITYTYPE,DGC
2853904090,COMMODITYTYPE,DGC
2853909021,COMMODITYTYPE,DGC
2853909022,COMMODITYTYPE,DGC
2853909023,COMMODITYTYPE,DGC
2853909090,COMMODITYTYPE,DGC
2901100000,COMMODITYTYPE,DGC
2901210000,COMMODITYTYPE,DGC
2901220000,COMMODITYTYPE,DGC
2901231000,COMMODITYTYPE,DGC
2901232000,COMMODITYTYPE,DGC
2901233000,COMMODITYTYPE,DGC
2901241000,COMMODITYTYPE,DGC
2901242000,COMMODITYTYPE,DGC
2901291000,COMMODITYTYPE,DGC
2901292000,COMMODITYTYPE,DGC
2901299090,COMMODITYTYPE,DGC
2902110000,COMMODITYTYPE,DGC
2902191000,COMMODITYTYPE,DGC
2902199012,COMMODITYTYPE,DGC
2902199090,COMMODITYTYPE,DGC
2902200000,COMMODITYTYPE,DGC
2902300000,COMMODITYTYPE,DGC
2902410000,COMMODITYTYPE,DGC
2902420000,COMMODITYTYPE,DGC
2902430000,COMMODITYTYPE,DGC
2902440000,COMMODITYTYPE,DGC
2902500000,COMMODITYTYPE,DGC
2902600000,COMMODITYTYPE,DGC
2902700000,COMMODITYTYPE,DGC
2902902000,COMMODITYTYPE,DGC
2902909000,COMMODITYTYPE,DGC
2903110000,COMMODITYTYPE,DGC
2903120001,COMMODITYTYPE,DGC
2903120090,COMMODITYTYPE,DGC
2903130000,COMMODITYTYPE,DGC
2903140010,COMMODITYTYPE,DGC
2903140090,COMMODITYTYPE,DGC
2903150000,COMMODITYTYPE,DGC
2903191010,COMMODITYTYPE,DGC
2903191090,COMMODITYTYPE,DGC
2903199000,COMMODITYTYPE,DGC
2903210000,COMMODITYTYPE,DGC
2903220000,COMMODITYTYPE,DGC
2903230000,COMMODITYTYPE,DGC
2903291000,COMMODITYTYPE,DGC
2903299010,COMMODITYTYPE,DGC
2903299090,COMMODITYTYPE,DGC
2903310000,COMMODITYTYPE,DGC
2903391000,COMMODITYTYPE,DGC
2903399010,COMMODITYTYPE,DGC
2903399020,COMMODITYTYPE,DGC
2903399030,COMMODITYTYPE,DGC
2903399090,COMMODITYTYPE,DGC
2921290090,COMMODITYTYPE,DGC
2921300040,COMMODITYTYPE,DGC
2921300090,COMMODITYTYPE,DGC
2921411000,COMMODITYTYPE,DGC
2921419000,COMMODITYTYPE,DGC
2921420020,COMMODITYTYPE,DGC
2921420090,COMMODITYTYPE,DGC
2921430001,COMMODITYTYPE,DGC
2921430020,COMMODITYTYPE,DGC
2921430090,COMMODITYTYPE,DGC
2921440000,COMMODITYTYPE,DGC
2921450010,COMMODITYTYPE,DGC
2921450090,COMMODITYTYPE,DGC
2921492000,COMMODITYTYPE,DGC
2921499020,COMMODITYTYPE,DGC
2921499090,COMMODITYTYPE,DGC
2921511000,COMMODITYTYPE,DGC
2921519020,COMMODITYTYPE,DGC
2921519090,COMMODITYTYPE,DGC
2921590020,COMMODITYTYPE,DGC
2921590031,COMMODITYTYPE,DGC
2921590032,COMMODITYTYPE,DGC
2921590033,COMMODITYTYPE,DGC
2921590090,COMMODITYTYPE,DGC
2922110001,COMMODITYTYPE,DGC
2922120001,COMMODITYTYPE,DGC
2922160000,COMMODITYTYPE,DGC
2922180000,COMMODITYTYPE,DGC
2922192100,COMMODITYTYPE,DGC
2922192210,COMMODITYTYPE,DGC
2922199090,COMMODITYTYPE,DGC
2922291000,COMMODITYTYPE,DGC
2922299090,COMMODITYTYPE,DGC
2922499912,COMMODITYTYPE,DGC
2922499913,COMMODITYTYPE,DGC
2922499915,COMMODITYTYPE,DGC
2922499990,COMMODITYTYPE,DGC
2923300000,COMMODITYTYPE,DGC
2923400000,COMMODITYTYPE,DGC
2923900090,COMMODITYTYPE,DGC
2924120010,COMMODITYTYPE,DGC
2924120090,COMMODITYTYPE,DGC
2924191000,COMMODITYTYPE,DGC
2924199012,COMMODITYTYPE,DGC
2924199040,COMMODITYTYPE,DGC
2924199090,COMMODITYTYPE,DGC
2924250000,COMMODITYTYPE,DGC
2924299012,COMMODITYTYPE,DGC
2924299013,COMMODITYTYPE,DGC
2924299014,COMMODITYTYPE,DGC
2924299018,COMMODITYTYPE,DGC
2924299038,COMMODITYTYPE,DGC
2924299099,COMMODITYTYPE,DGC
2925190090,COMMODITYTYPE,DGC
2925210000,COMMODITYTYPE,DGC
2925290012,COMMODITYTYPE,DGC
2925290090,COMMODITYTYPE,DGC
2926100000,COMMODITYTYPE,DGC
2926909020,COMMODITYTYPE,DGC
2926909031,COMMODITYTYPE,DGC
2926909032,COMMODITYTYPE,DGC
2926909090,COMMODITYTYPE,DGC
2927000090,COMMODITYTYPE,DGC
2928000010,COMMODITYTYPE,DGC
2928000020,COMMODITYTYPE,DGC
2928000090,COMMODITYTYPE,DGC
2929101000,COMMODITYTYPE,DGC
2929103000,COMMODITYTYPE,DGC
2929104000,COMMODITYTYPE,DGC
2929109000,COMMODITYTYPE,DGC
2929909012,COMMODITYTYPE,DGC
2929909013,COMMODITYTYPE,DGC
2929909090,COMMODITYTYPE,DGC
2930200012,COMMODITYTYPE,DGC
2930200016,COMMODITYTYPE,DGC
2930300010,COMMODITYTYPE,DGC
2930800010,COMMODITYTYPE,DGC
2930800020,COMMODITYTYPE,DGC
2930800030,COMMODITYTYPE,DGC
2930902000,COMMODITYTYPE,DGC
2930909028,COMMODITYTYPE,DGC
2930909052,COMMODITYTYPE,DGC
2930909053,COMMODITYTYPE,DGC
2930909055,COMMODITYTYPE,DGC
2930909056,COMMODITYTYPE,DGC
2930909058,COMMODITYTYPE,DGC
2930909059,COMMODITYTYPE,DGC
2930909061,COMMODITYTYPE,DGC
2930909062,COMMODITYTYPE,DGC
2930909063,COMMODITYTYPE,DGC
2930909064,COMMODITYTYPE,DGC
2930909065,COMMODITYTYPE,DGC
2930909066,COMMODITYTYPE,DGC
2930909067,COMMODITYTYPE,DGC
2930909099,COMMODITYTYPE,DGC
2931100000,COMMODITYTYPE,DGC
2931200000,COMMODITYTYPE,DGC
2931399021,COMMODITYTYPE,DGC
2931399090,COMMODITYTYPE,DGC
2931900014,COMMODITYTYPE,DGC
2931900015,COMMODITYTYPE,DGC
2931900016,COMMODITYTYPE,DGC
2931900017,COMMODITYTYPE,DGC
2931900018,COMMODITYTYPE,DGC
2931900019,COMMODITYTYPE,DGC
2931900021,COMMODITYTYPE,DGC
2931900022,COMMODITYTYPE,DGC
2931900023,COMMODITYTYPE,DGC
2931900024,COMMODITYTYPE,DGC
2931900025,COMMODITYTYPE,DGC
2931900026,COMMODITYTYPE,DGC
2931900027,COMMODITYTYPE,DGC
2931900028,COMMODITYTYPE,DGC
2931900090,COMMODITYTYPE,DGC
2932110000,COMMODITYTYPE,DGC
2932120000,COMMODITYTYPE,DGC
2932130000,COMMODITYTYPE,DGC
2932190090,COMMODITYTYPE,DGC
2932209011,COMMODITYTYPE,DGC
2932209013,COMMODITYTYPE,DGC
2932209090,COMMODITYTYPE,DGC
2932999011,COMMODITYTYPE,DGC
2932999013,COMMODITYTYPE,DGC
2932999060,COMMODITYTYPE,DGC
2932999070,COMMODITYTYPE,DGC
2932999099,COMMODITYTYPE,DGC
2933199011,COMMODITYTYPE,DGC
2933199090,COMMODITYTYPE,DGC
2933290090,COMMODITYTYPE,DGC
2933310010,COMMODITYTYPE,DGC
2933321000,COMMODITYTYPE,DGC
2933330011,COMMODITYTYPE,DGC
2933399022,COMMODITYTYPE,DGC
2933399025,COMMODITYTYPE,DGC
2933399099,COMMODITYTYPE,DGC
2933490090,COMMODITYTYPE,DGC
2933599017,COMMODITYTYPE,DGC
2933599099,COMMODITYTYPE,DGC
2933691000,COMMODITYTYPE,DGC
2933692100,COMMODITYTYPE,DGC
2933692200,COMMODITYTYPE,DGC
2933699099,COMMODITYTYPE,DGC
2933790099,COMMODITYTYPE,DGC
2933990011,COMMODITYTYPE,DGC
2933990013,COMMODITYTYPE,DGC
2933990017,COMMODITYTYPE,DGC
2933990060,COMMODITYTYPE,DGC
2933990070,COMMODITYTYPE,DGC
2933990099,COMMODITYTYPE,DGC
2934999021,COMMODITYTYPE,DGC
2934999023,COMMODITYTYPE,DGC
2934999031,COMMODITYTYPE,DGC
2934999033,COMMODITYTYPE,DGC
2934999099,COMMODITYTYPE,DGC
2935100000,COMMODITYTYPE,DGC
2935200000,COMMODITYTYPE,DGC
2935300000,COMMODITYTYPE,DGC
2935400000,COMMODITYTYPE,DGC
2935900019,COMMODITYTYPE,DGC
2935900090,COMMODITYTYPE,DGC
2937900090,COMMODITYTYPE,DGC
2938909090,COMMODITYTYPE,DGC
2939791010,COMMODITYTYPE,DGC
2939791090,COMMODITYTYPE,DGC
2939792010,COMMODITYTYPE,DGC
2939799099,COMMODITYTYPE,DGC
2940009000,COMMODITYTYPE,DGC
2941905910,COMMODITYTYPE,DGC
2941909091,COMMODITYTYPE,DGC
2941909099,COMMODITYTYPE,DGC
2942000000,COMMODITYTYPE,DGC
3002901000,COMMODITYTYPE,DGC
3002909099,COMMODITYTYPE,DGC
3102300000,COMMODITYTYPE,DGC
3102500000,COMMODITYTYPE,DGC
3102800000,COMMODITYTYPE,DGC
3102901000,COMMODITYTYPE,DGC
3102909000,COMMODITYTYPE,DGC
3105200010,COMMODITYTYPE,DGC
3105200090,COMMODITYTYPE,DGC
3105510000,COMMODITYTYPE,DGC
3105590000,COMMODITYTYPE,DGC
3105901000,COMMODITYTYPE,DGC
3105909000,COMMODITYTYPE,DGC
3204909000,COMMODITYTYPE,DGC
3206200000,COMMODITYTYPE,DGC
3207100000,COMMODITYTYPE,DGC
3208100010,COMMODITYTYPE,DGC
3208100090,COMMODITYTYPE,DGC
3208201011,COMMODITYTYPE,DGC
3208201019,COMMODITYTYPE,DGC
3208201091,COMMODITYTYPE,DGC
3208201099,COMMODITYTYPE,DGC
3208202010,COMMODITYTYPE,DGC
3208202090,COMMODITYTYPE,DGC
3208901011,COMMODITYTYPE,DGC
3208901019,COMMODITYTYPE,DGC
3208901091,COMMODITYTYPE,DGC
3208901099,COMMODITYTYPE,DGC
3208909010,COMMODITYTYPE,DGC
3208909090,COMMODITYTYPE,DGC
3210000011,COMMODITYTYPE,DGC
3210000019,COMMODITYTYPE,DGC
3210000091,COMMODITYTYPE,DGC
3210000099,COMMODITYTYPE,DGC
3211000000,COMMODITYTYPE,DGC
3212900000,COMMODITYTYPE,DGC
3213100000,COMMODITYTYPE,DGC
3213900000,COMMODITYTYPE,DGC
3214109000,COMMODITYTYPE,DGC
3214900010,COMMODITYTYPE,DGC
3214900090,COMMODITYTYPE,DGC
3215110090,COMMODITYTYPE,DGC
3215190090,COMMODITYTYPE,DGC
3215901000,COMMODITYTYPE,DGC
3215909000,COMMODITYTYPE,DGC
3301291000,COMMODITYTYPE,DGC
3301299999,COMMODITYTYPE,DGC
3301901090,COMMODITYTYPE,DGC
3301909000,COMMODITYTYPE,DGC
3302900000,COMMODITYTYPE,DGC
3402130010,COMMODITYTYPE,DGC
3402209000,COMMODITYTYPE,DGC
3402900090,COMMODITYTYPE,DGC
3403110000,COMMODITYTYPE,DGC
3403190000,COMMODITYTYPE,DGC
3403990000,COMMODITYTYPE,DGC
3405100000,COMMODITYTYPE,DGC
3405200000,COMMODITYTYPE,DGC
3405300000,COMMODITYTYPE,DGC
3505100000,COMMODITYTYPE,DGC
3506100090,COMMODITYTYPE,DGC
3506911000,COMMODITYTYPE,DGC
3506912000,COMMODITYTYPE,DGC
3506919020,COMMODITYTYPE,DGC
3506919090,COMMODITYTYPE,DGC
3506990000,COMMODITYTYPE,DGC
3602001010,COMMODITYTYPE,DGC
3602001099,COMMODITYTYPE,DGC
3602009010,COMMODITYTYPE,DGC
3602009091,COMMODITYTYPE,DGC
3602009099,COMMODITYTYPE,DGC
3606100000,COMMODITYTYPE,DGC
3606901900,COMMODITYTYPE,DGC
3606909000,COMMODITYTYPE,DGC
3707100001,COMMODITYTYPE,DGC
3707100090,COMMODITYTYPE,DGC
3707901000,COMMODITYTYPE,DGC
3707909000,COMMODITYTYPE,DGC
3805100000,COMMODITYTYPE,DGC
3805901000,COMMODITYTYPE,DGC
3806101000,COMMODITYTYPE,DGC
3806201000,COMMODITYTYPE,DGC
3806900000,COMMODITYTYPE,DGC
3807000000,COMMODITYTYPE,DGC
3808520000,COMMODITYTYPE,DGC
3808911900,COMMODITYTYPE,DGC
3808919000,COMMODITYTYPE,DGC
3808940090,COMMODITYTYPE,DGC
3809930000,COMMODITYTYPE,DGC
3814000000,COMMODITYTYPE,DGC
3815110000,COMMODITYTYPE,DGC
3817000000,COMMODITYTYPE,DGC
3822009000,COMMODITYTYPE,DGC
3824100000,COMMODITYTYPE,DGC
3824710011,COMMODITYTYPE,DGC
3824710013,COMMODITYTYPE,DGC
3824710014,COMMODITYTYPE,DGC
3824760000,COMMODITYTYPE,DGC
3824790000,COMMODITYTYPE,DGC
3824820000,COMMODITYTYPE,DGC
3824880000,COMMODITYTYPE,DGC
3824991000,COMMODITYTYPE,DGC
3824992000,COMMODITYTYPE,DGC
3824999920,COMMODITYTYPE,DGC
3824999930,COMMODITYTYPE,DGC
3824999999,COMMODITYTYPE,DGC
3825690000,COMMODITYTYPE,DGC
3905990000,COMMODITYTYPE,DGC
3906909000,COMMODITYTYPE,DGC
3907109090,COMMODITYTYPE,DGC
3907209000,COMMODITYTYPE,DGC
3907400000,COMMODITYTYPE,DGC
3907910000,COMMODITYTYPE,DGC
3908901000,COMMODITYTYPE,DGC
3908902000,COMMODITYTYPE,DGC
3908909000,COMMODITYTYPE,DGC
3909200000,COMMODITYTYPE,DGC
3910000000,COMMODITYTYPE,DGC
3911900090,COMMODITYTYPE,DGC
3912200000,COMMODITYTYPE,DGC
3917290000,COMMODITYTYPE,DGC
3917320000,COMMODITYTYPE,DGC
3917330000,COMMODITYTYPE,DGC
3920790000,COMMODITYTYPE,DGC
3921909090,COMMODITYTYPE,DGC
7403290000,COMMODITYTYPE,DGC
7603100010,COMMODITYTYPE,DGC
7603100090,COMMODITYTYPE,DGC
7903100000,COMMODITYTYPE,DGC
7903900010,COMMODITYTYPE,DGC
7903900090,COMMODITYTYPE,DGC
8104110000,COMMODITYTYPE,DGC
8104300010,COMMODITYTYPE,DGC
8104901000,COMMODITYTYPE,DGC
8107200000,COMMODITYTYPE,DGC
8108203000,COMMODITYTYPE,DGC
8109200090,COMMODITYTYPE,DGC
8110102000,COMMODITYTYPE,DGC
8111001090,COMMODITYTYPE,DGC
8112120000,COMMODITYTYPE,DGC
8112510000,COMMODITYTYPE,DGC
8112929011,COMMODITYTYPE,DGC
8112929019,COMMODITYTYPE,DGC
8112929091,COMMODITYTYPE,DGC
8112929099,COMMODITYTYPE,DGC
8112999090,COMMODITYTYPE,DGC
2905122000,COMMODITYTYPE,DGC
2905130000,COMMODITYTYPE,DGC
2905141000,COMMODITYTYPE,DGC
2905142000,COMMODITYTYPE,DGC
2905143000,COMMODITYTYPE,DGC
2905199090,COMMODITYTYPE,DGC
2905290000,COMMODITYTYPE,DGC
2905399099,COMMODITYTYPE,DGC
2905590020,COMMODITYTYPE,DGC
2905590040,COMMODITYTYPE,DGC
2905590090,COMMODITYTYPE,DGC
2906120010,COMMODITYTYPE,DGC
2906120090,COMMODITYTYPE,DGC
2906199090,COMMODITYTYPE,DGC
2906299090,COMMODITYTYPE,DGC
2907111000,COMMODITYTYPE,DGC
2907119000,COMMODITYTYPE,DGC
2907121100,COMMODITYTYPE,DGC
2907121200,COMMODITYTYPE,DGC
2907121900,COMMODITYTYPE,DGC
2907131000,COMMODITYTYPE,DGC
2907139000,COMMODITYTYPE,DGC
2907191010,COMMODITYTYPE,DGC
2907199090,COMMODITYTYPE,DGC
2907210001,COMMODITYTYPE,DGC
2907221000,COMMODITYTYPE,DGC
2907291000,COMMODITYTYPE,DGC
2907299010,COMMODITYTYPE,DGC
2907299090,COMMODITYTYPE,DGC
2908110000,COMMODITYTYPE,DGC
2908191000,COMMODITYTYPE,DGC
2908199023,COMMODITYTYPE,DGC
2908199090,COMMODITYTYPE,DGC
2908910000,COMMODITYTYPE,DGC
2908920000,COMMODITYTYPE,DGC
2908991010,COMMODITYTYPE,DGC
2908991090,COMMODITYTYPE,DGC
2908999024,COMMODITYTYPE,DGC
2908999030,COMMODITYTYPE,DGC
2908999090,COMMODITYTYPE,DGC
2909110000,COMMODITYTYPE,DGC
2909191000,COMMODITYTYPE,DGC
2909199012,COMMODITYTYPE,DGC
2909199090,COMMODITYTYPE,DGC
2909309016,COMMODITYTYPE,DGC
2909309090,COMMODITYTYPE,DGC
2909430000,COMMODITYTYPE,DGC
2909440000,COMMODITYTYPE,DGC
2909499000,COMMODITYTYPE,DGC
2909500000,COMMODITYTYPE,DGC
2909600000,COMMODITYTYPE,DGC
2910100000,COMMODITYTYPE,DGC
2910200000,COMMODITYTYPE,DGC
2910300000,COMMODITYTYPE,DGC
2910400000,COMMODITYTYPE,DGC
2910500000,COMMODITYTYPE,DGC
2910900090,COMMODITYTYPE,DGC
2911000000,COMMODITYTYPE,DGC
2912110000,COMMODITYTYPE,DGC
2912120000,COMMODITYTYPE,DGC
2912190030,COMMODITYTYPE,DGC
2912190090,COMMODITYTYPE,DGC
2912299000,COMMODITYTYPE,DGC
2912491000,COMMODITYTYPE,DGC
2912499090,COMMODITYTYPE,DGC
2912500010,COMMODITYTYPE,DGC
2912500090,COMMODITYTYPE,DGC
2912600000,COMMODITYTYPE,DGC
2913000010,COMMODITYTYPE,DGC
2913000090,COMMODITYTYPE,DGC
2914110000,COMMODITYTYPE,DGC
2914120000,COMMODITYTYPE,DGC
2914130000,COMMODITYTYPE,DGC
2914190010,COMMODITYTYPE,DGC
2914190090,COMMODITYTYPE,DGC
2914220000,COMMODITYTYPE,DGC
2914299090,COMMODITYTYPE,DGC
2914399011,COMMODITYTYPE,DGC
2914399012,COMMODITYTYPE,DGC
2914399013,COMMODITYTYPE,DGC
2914400090,COMMODITYTYPE,DGC
2914509090,COMMODITYTYPE,DGC
2914690090,COMMODITYTYPE,DGC
2914710000,COMMODITYTYPE,DGC
2914790011,COMMODITYTYPE,DGC
2914790012,COMMODITYTYPE,DGC
2914790014,COMMODITYTYPE,DGC
2914790090,COMMODITYTYPE,DGC
2915110000,COMMODITYTYPE,DGC
2915120000,COMMODITYTYPE,DGC
2915130000,COMMODITYTYPE,DGC
2915219020,COMMODITYTYPE,DGC
2915240000,COMMODITYTYPE,DGC
2915299023,COMMODITYTYPE,DGC
2915299090,COMMODITYTYPE,DGC
2915310000,COMMODITYTYPE,DGC
2915320000,COMMODITYTYPE,DGC
2915330000,COMMODITYTYPE,DGC
2915390090,COMMODITYTYPE,DGC
2915400010,COMMODITYTYPE,DGC
2915400090,COMMODITYTYPE,DGC
2915501000,COMMODITYTYPE,DGC
2915509000,COMMODITYTYPE,DGC
2915600000,COMMODITYTYPE,DGC
2915900020,COMMODITYTYPE,DGC
2915900090,COMMODITYTYPE,DGC
2916110000,COMMODITYTYPE,DGC
2916121000,COMMODITYTYPE,DGC
2916122000,COMMODITYTYPE,DGC
2916123001,COMMODITYTYPE,DGC
2916123090,COMMODITYTYPE,DGC
2916129000,COMMODITYTYPE,DGC
2916130010,COMMODITYTYPE,DGC
2916140010,COMMODITYTYPE,DGC
2916140090,COMMODITYTYPE,DGC
2916160000,COMMODITYTYPE,DGC
2916190090,COMMODITYTYPE,DGC
2916209090,COMMODITYTYPE,DGC
2916310000,COMMODITYTYPE,DGC
2916320000,COMMODITYTYPE,DGC
2916399090,COMMODITYTYPE,DGC
2917119000,COMMODITYTYPE,DGC
2917140000,COMMODITYTYPE,DGC
2917190090,COMMODITYTYPE,DGC
2917201000,COMMODITYTYPE,DGC
2917349000,COMMODITYTYPE,DGC
2917350000,COMMODITYTYPE,DGC
2917399090,COMMODITYTYPE,DGC
2918110000,COMMODITYTYPE,DGC
2918130000,COMMODITYTYPE,DGC
2918180000,COMMODITYTYPE,DGC
2918190090,COMMODITYTYPE,DGC
2918300090,COMMODITYTYPE,DGC
2918910000,COMMODITYTYPE,DGC
2918990021,COMMODITYTYPE,DGC
2918990090,COMMODITYTYPE,DGC
2919100000,COMMODITYTYPE,DGC
2919900031,COMMODITYTYPE,DGC
2919900032,COMMODITYTYPE,DGC
2919900033,COMMODITYTYPE,DGC
2919900034,COMMODITYTYPE,DGC
2919900035,COMMODITYTYPE,DGC
2919900090,COMMODITYTYPE,DGC
2920110000,COMMODITYTYPE,DGC
2920190015,COMMODITYTYPE,DGC
2920190019,COMMODITYTYPE,DGC
2920190090,COMMODITYTYPE,DGC
2920230000,COMMODITYTYPE,DGC
2920240000,COMMODITYTYPE,DGC
2920291000,COMMODITYTYPE,DGC
2920300000,COMMODITYTYPE,DGC
2920900012,COMMODITYTYPE,DGC
2920900016,COMMODITYTYPE,DGC
2920900090,COMMODITYTYPE,DGC
2921110010,COMMODITYTYPE,DGC
2921110030,COMMODITYTYPE,DGC
2921110090,COMMODITYTYPE,DGC
2921191000,COMMODITYTYPE,DGC
2921192000,COMMODITYTYPE,DGC
2921194000,COMMODITYTYPE,DGC
2921199011,COMMODITYTYPE,DGC
2921199020,COMMODITYTYPE,DGC
2921199031,COMMODITYTYPE,DGC
2921199090,COMMODITYTYPE,DGC
2921211000,COMMODITYTYPE,DGC
2921219000,COMMODITYTYPE,DGC
2921229000,COMMODITYTYPE,DGC
050210,SupportsTSD,N
050290,SupportsTSD,N
050590,SupportsTSD,N
050690,SupportsTSD,N
050710,SupportsTSD,N
051199,SupportsTSD,N
252490,SupportsTSD,N
253090,SupportsTSD,N
280461,SupportsTSD,N
282919,SupportsTSD,N
290377,SupportsTSD,N
290379,SupportsTSD,N
290381,SupportsTSD,N
290389,SupportsTSD,N
290399,SupportsTSD,N
290930,SupportsTSD,N
291590,SupportsTSD,N
292159,SupportsTSD,N
292250,SupportsTSD,N
292412,SupportsTSD,N
293299,SupportsTSD,N
310510,SupportsTSD,N
330410,SupportsTSD,N
330420,SupportsTSD,N
330430,SupportsTSD,N
330491,SupportsTSD,N
330499,SupportsTSD,N
340111,SupportsTSD,N
340119,SupportsTSD,N
340120,SupportsTSD,N
340130,SupportsTSD,N
380400,SupportsTSD,N
380859,SupportsTSD,N
380891,SupportsTSD,N
380892,SupportsTSD,N
380893,SupportsTSD,N
380894,SupportsTSD,N
382482,SupportsTSD,N
382488,SupportsTSD,N
382590,SupportsTSD,N
401700,SupportsTSD,N
450190,SupportsTSD,N
510310,SupportsTSD,N
510320,SupportsTSD,N
510330,SupportsTSD,N
510400,SupportsTSD,N
700100,SupportsTSD,N
711292,SupportsTSD,N
711299,SupportsTSD,N
720410,SupportsTSD,N
720421,SupportsTSD,N
720429,SupportsTSD,N
720441,SupportsTSD,N
720449,SupportsTSD,N
740100,SupportsTSD,N
740400,SupportsTSD,N
760200,SupportsTSD,N
810600,SupportsTSD,N
811100,SupportsTSD,N
811292,SupportsTSD,N
811300,SupportsTSD,N
850610,SupportsTSD,N
850640,SupportsTSD,N
850660,SupportsTSD,N
850680,SupportsTSD,N
853530,SupportsTSD,N
853641,SupportsTSD,N
853649,SupportsTSD,N
853650,SupportsTSD,N
853931,SupportsTSD,N
853932,SupportsTSD,N
853939,SupportsTSD,N
901890,SupportsTSD,N
902511,SupportsTSD,N
902519,SupportsTSD,N
902580,SupportsTSD,N
902620,SupportsTSD,N
