TariffCode,AdditionalCode,Description,Percent,Formula
3922.10.00.00.11,,BANYO KÜVETLERI,8,VFD *  0.08
3922.10.00.00.12,,DUŞ TEKNELERI,8,VFD *  0.08
6910.10.00.00.00,,Porselenden olanlar,8,VFD *  0.08
6910.90.00.00.00,,Diğerleri,8,VFD *  0.08
8601.10.00.00.00,,Elektrik enerjisini dışarıdan alanlar,0.01,VFD *  0.0001
8601.20.00.00.00,,Elektrik akümülatörlü olanlar,0.01,VFD *  0.0001
8602.10.00.00.00,,Dizel elektrikli lokomotifler,0.01,VFD *  0.0001
8602.90.00.00.11,,Dizel motorlu lokomotifler,0.01,VFD *  0.0001
8602.90.00.00.12,,Buharlı lokomotifler,0.01,VFD *  0.0001
8602.90.00.00.13,,Tenderler,0.01,VFD *  0.0001
8602.90.00.00.19,,Diğerleri,0.01,VFD *  0.0001
8701.10.00.00.00,,Tek akslı traktörler,0.4,VFD *  0.004
8701.20.10.00.00,,Yeni olanlar,0.4,VFD *  0.004
8701.20.90.00.00,,Kullanılmış olanlar,0.4,VFD *  0.004
8701.30.00.00.00,,Paletli traktörler,0.4,VFD *  0.004
8701.91.10.00.00,,Tekerlekli zirai traktörler ve ormancılıkta kullanılan tekerlekli traktörler,0.4,VFD *  0.004
8701.91.90.00.00,,Diğerleri,0.4,VFD *  0.004
8701.92.10.00.00,,Tekerlekli zirai traktörler ve ormancılıkta kullanılan tekerlekli traktörler,0.4,VFD *  0.004
8701.92.90.00.00,,Diğerleri,0.4,VFD *  0.004
8701.93.10.00.00,,Tekerlekli zirai traktörler ve ormancılıkta kullanılan tekerlekli traktörler,0.4,VFD *  0.004
8701.93.90.00.00,,Diğerleri,0.4,VFD *  0.004
8701.94.10.00.00,,Tekerlekli zirai traktörler ve ormancılıkta kullanılan tekerlekli traktörler,0.4,VFD *  0.004
8701.94.90.00.00,,Diğerleri,0.4,VFD *  0.004
8701.95.10.00.00,,Tekerlekli zirai traktörler ve ormancılıkta kullanılan tekerlekli traktörler,0.4,VFD *  0.004
8701.95.90.00.00,,Diğerleri,0.4,VFD *  0.004
8702.10.11.11.00,,Otobüs,0.4,VFD *  0.004
8702.10.11.12.00,,Midibüs,0.4,VFD *  0.004
8702.10.11.13.00,,Minibüs,0.4,VFD *  0.004
8702.10.19.11.00,,Otobüs,0.4,VFD *  0.004
8702.10.19.12.00,,Midibüs,0.4,VFD *  0.004
8702.10.19.13.00,,Minibüs,0.4,VFD *  0.004
8702.10.91.11.00,,Otobüs,0.4,VFD *  0.004
8702.10.91.12.00,,Midibüs,0.4,VFD *  0.004
8702.10.91.13.00,,Minibüs,0.4,VFD *  0.004
8702.10.99.11.00,,Otobüs,0.4,VFD *  0.004
8702.10.99.12.00,,Midibüs,0.4,VFD *  0.004
8702.10.99.13.00,,Minibüs,0.4,VFD *  0.004
8702.20.10.00.00,,Silindir hacmi 2500 cm3.ü geçenler,0.4,VFD *  0.004
8702.20.90.00.00,,Silindir hacmi 2500 cm3.ü geçmeyenler,0.4,VFD *  0.004
8702.30.10.00.00,,Silindir hacmi 2800 cm3.ü geçenler,0.4,VFD *  0.004
8702.30.90.00.00,,Silindir hacmi 2800 cm3.ü geçmeyenler,0.4,VFD *  0.004
8702.40.00.00.00,,Sadece elektrik motorundan tahrikli olanlar,0.4,VFD *  0.004
8702.90.11.11.00,,Otobüs,0.4,VFD *  0.004
8702.90.11.12.00,,Midibüs,0.4,VFD *  0.004
8702.90.11.13.00,,Minibüs,0.4,VFD *  0.004
8702.90.19.11.00,,Otobüs,0.4,VFD *  0.004
8702.90.19.12.00,,Midibüs,0.4,VFD *  0.004
8702.90.19.13.00,,Minibüs,0.4,VFD *  0.004
8702.90.31.11.00,,Otobüs,0.4,VFD *  0.004
8702.90.31.12.00,,Midibüs,0.4,VFD *  0.004
8702.90.31.13.00,,Minibüs,0.4,VFD *  0.004
8702.90.39.11.00,,Otobüs,0.4,VFD *  0.004
8702.90.39.12.00,,Midibüs,0.4,VFD *  0.004
8702.90.39.13.00,,Minibüs,0.4,VFD *  0.004
8702.90.90.00.00,,Diğer motorlarla mücehhez olanlar,0.4,VFD *  0.004
8703.10.11.00.00,,Özellikle kar üzerinde hareket etmek için dizayn edilmiş sıkıştırma ateşlemeli içten yanmalı pistonlu motorlu olanlar (dizel veya yarı dizel) veya kıvılcım ateşlemeli içten yanmalı pistonlu motorlu taşıtlar,0.4,VFD *  0.004
8703.10.18.00.00,,Diğerleri,0.4,VFD *  0.004
8703.21.10.10.00,,Binek otomobilleri,0.4,VFD *  0.004
8703.21.10.90.11,,Ambulanslar,0.4,VFD *  0.004
8703.21.10.90.19,,Diğerleri,0.4,VFD *  0.004
8703.21.90.10.00,,Binek otomobilleri,0.4,VFD *  0.004
8703.21.90.90.11,,Ambulanslar,0.4,VFD *  0.004
8703.21.90.90.19,,Diğerleri,0.4,VFD *  0.004
8703.22.10.10.00,,Binek otomobilleri,0.4,VFD *  0.004
8703.22.10.90.11,,Ambulanslar,0.4,VFD *  0.004
8703.22.10.90.12,,Motorlu karavanlar,0.4,VFD *  0.004
8703.22.10.90.19,,Diğerleri,0.4,VFD *  0.004
8703.22.90.10.00,,Binek otomobilleri,0.4,VFD *  0.004
8703.22.90.90.11,,Ambulanslar,0.4,VFD *  0.004
8703.22.90.90.12,,Motorlu karavanlar,0.4,VFD *  0.004
8703.22.90.90.19,,Diğerleri,0.4,VFD *  0.004
8703.23.11.00.00,,Motorlu karavanlar,0.4,VFD *  0.004
8703.23.19.11.00,,Silindir hacmi 1500 cm3' ü geçen fakat 1600 cm3. ü geçmeyenler,0.4,VFD *  0.004
8703.23.19.12.00,,Silindir hacmi 1600 cm3' ü geçen fakat 2000 cm3' ü geçmeyenler,0.4,VFD *  0.004
8703.23.19.13.00,,Silindir hacmi 2000 cm3' ü geçenler,0.4,VFD *  0.004
8703.23.19.90.11,,Ambulanslar,0.4,VFD *  0.004
8703.23.19.90.19,,Diğerleri,0.4,VFD *  0.004
8703.23.90.11.00,,Silindir hacmi 1500 cm3. ü geçen fakat 1600 cm3. ü geçmeyenler,0.4,VFD *  0.004
8703.23.90.12.00,,Silindir hacmi 1600 cm3. ü geçen fakat 2000 cm3. ü geçmeyenler,0.4,VFD *  0.004
8703.23.90.13.00,,Silindir hacmi 2000 cm3. ü geçenler,0.4,VFD *  0.004
8703.23.90.90.11,,Ambulanslar,0.4,VFD *  0.004
8703.23.90.90.19,,Diğerleri,0.4,VFD *  0.004
8703.24.10.10.00,,Binek otomobilleri,0.4,VFD *  0.004
8703.24.10.90.11,,Ambulanslar,0.4,VFD *  0.004
8703.24.10.90.19,,Diğerleri,0.4,VFD *  0.004
8703.24.90.10.00,,Binek otomobilleri,0.4,VFD *  0.004
8703.24.90.90.11,,Ambulanslar,0.4,VFD *  0.004
8703.24.90.90.19,,Diğerleri,0.4,VFD *  0.004
8703.31.10.10.00,,Binek otomobilleri,0.4,VFD *  0.004
8703.31.10.90.11,,Ambulanslar,0.4,VFD *  0.004
8703.31.10.90.19,,Diğerleri,0.4,VFD *  0.004
8703.31.90.10.00,,Binek otomobilleri,0.4,VFD *  0.004
8703.31.90.90.11,,Ambulanslar,0.4,VFD *  0.004
8703.31.90.90.19,,Diğerleri,0.4,VFD *  0.004
8703.32.11.00.00,,Motorlu karavanlar,0.4,VFD *  0.004
8703.32.19.11.00,,Silindir hacmi 1500 cm3' ü geçen fakat 1600 cm3' ü geçmeyenler,0.4,VFD *  0.004
8703.32.19.12.00,,Silindir hacmi 1600 cm3' ü geçen fakat 2000 cm3' ü geçmeyenler,0.4,VFD *  0.004
8703.32.19.13.00,,Silindir hacmi 2000 cm3' ü geçenler,0.4,VFD *  0.004
8703.32.19.90.11,,Ambulanslar,0.4,VFD *  0.004
8703.32.19.90.19,,Diğerleri,0.4,VFD *  0.004
8703.32.90.11.00,,Silindir hacmi 1500 cm3. ü geçen fakat 1600 cm3. ü geçmeyenler,0.4,VFD *  0.004
8703.32.90.12.00,,Silindir hacmi 1600 cm3' ü geçen fakat 2000 cm3' ü geçmeyenler,0.4,VFD *  0.004
8703.32.90.13.00,,Silindir hacmi 2000 cm3' ü geçenler,0.4,VFD *  0.004
8703.32.90.90.11,,Ambulanslar,0.4,VFD *  0.004
8703.32.90.90.19,,Diğerleri,0.4,VFD *  0.004
8703.33.11.00.00,,Motorlu karavanlar,0.4,VFD *  0.004
8703.33.19.10.11,,Silindir hacmi 2500 cm3' ü geçen fakat 3000 cm3' ü geçmeyenler,0.4,VFD *  0.004
8703.33.19.10.12,,Silindir hacmi 3000 cm3' ü geçenler,0.4,VFD *  0.004
8703.33.19.90.11,,Ambulanslar,0.4,VFD *  0.004
8703.33.19.90.19,,Diğerleri,0.4,VFD *  0.004
8703.33.90.10.11,,Silindir hacmi 2500 cm3' ü geçen fakat 3000 cm3' ü geçmeyenler,0.4,VFD *  0.004
8703.33.90.10.12,,Silindir hacmi 3000 cm3' ü geçenler,0.4,VFD *  0.004
8703.33.90.90.11,,Ambulanslar,0.4,VFD *  0.004
8703.33.90.90.19,,Diğerleri,0.4,VFD *  0.004
8703.40.10.00.00,,Yeni olanlar,0.4,VFD *  0.004
8703.40.90.00.00,,Kullanılmış olanlar,0.4,VFD *  0.004
8703.50.00.00.00,,Diğer taşıtlar (Hem sıkıştırma ateşlemeli içten yanmalı pistonlu motorlu (dizel veya yarı dizel) hem de tahrik gücü veren elektrik motorlu olanlar) (Harici bir güç kaynağına bağlanarak şarj edilenler hariç),0.4,VFD *  0.004
8703.60.10.00.00,,Yeni olanlar,0.4,VFD *  0.004
8703.60.90.00.00,,Kullanılmış olanlar,0.4,VFD *  0.004
8703.70.00.00.00,,Diğer taşıtlar (Hem sıkıştırma ateşlemeli içten yanmalı pistonlu motorlu (dizel veya yarı dizel) hem de tahrik gücü veren elektrik motorlu olanlar) (Harici bir güç kaynağına bağlanarak şarj edilenler),0.4,VFD *  0.004
8703.80.10.00.00,,Yeni olanlar,0.4,VFD *  0.004
8703.80.90.00.00,,Kullanılmış olanlar,0.4,VFD *  0.004
8703.90.00.00.00,,Diğerleri,0.4,VFD *  0.004
8704.10.10.11.00,,Silindir hacmi 2500 cm3'ü geçen sıkıştırma ateşlemeli içten yanmalı pistonlu motorlu (dizel veya yarı dizel) veya silindir hacmi 2800 cm3'ü geçen kıvılcım ateşlemeli içten yanmalı pistonlu motorlu olanlar,0.4,VFD *  0.004
8704.10.10.19.00,,Diğerleri,0.4,VFD *  0.004
8704.10.90.00.00,,Diğerleri,0.4,VFD *  0.004
8704.21.10.00.00,,Yüksek radyoaktif maddelerin taşınması için özel olarak yapılmış olanlar (EURATOM),0.4,VFD *  0.004
8704.21.31.00.00,,Yeni olanlar,0.4,VFD *  0.004
8704.21.39.00.00,,Kullanılmış olanlar,0.4,VFD *  0.004
8704.21.91.00.00,,Yeni olanlar,0.4,VFD *  0.004
8704.21.99.00.00,,Kullanılmış olanlar,0.4,VFD *  0.004
8704.22.10.00.00,,Yüksek radyoaktif maddelerin taşınması için özel olarak yapılmış olanlar (EURATOM),0.4,VFD *  0.004
8704.22.91.00.00,,Yeni olanlar,0.4,VFD *  0.004
8704.22.99.00.00,,Kullanılmış olanlar,0.4,VFD *  0.004
8704.23.10.00.00,,Yüksek radyoaktif maddelerin taşınması için özel olarak yapılmış olanlar (EURATOM),0.4,VFD *  0.004
8704.23.91.00.00,,Yeni olanlar,0.4,VFD *  0.004
8704.23.99.00.00,,Kullanılmış olanlar,0.4,VFD *  0.004
8704.31.10.00.00,,Yüksek radyoaktif maddelerin taşınması için özel olarak yapılmış olanlar (EURATOM),0.4,VFD *  0.004
8704.31.31.00.00,,Yeni olanlar,0.4,VFD *  0.004
8704.31.39.00.00,,Kullanılmış olanlar,0.4,VFD *  0.004
8704.31.91.00.00,,Yeni olanlar,0.4,VFD *  0.004
8704.31.99.00.00,,Kullanılmış olanlar,0.4,VFD *  0.004
8704.32.10.00.00,,Yüksek radyoaktif maddelerin taşınması için özel olarak yapılmış olanlar (EURATOM),0.4,VFD *  0.004
8704.32.91.00.00,,Yeni olanlar,0.4,VFD *  0.004
8704.32.99.00.00,,Kullanılmış olanlar,0.4,VFD *  0.004
8704.90.00.00.00,,Diğerleri,0.4,VFD *  0.004
8705.10.00.00.11,,Kaldırma kapasitesi 75 tonu geçmeyenler,0.4,VFD *  0.004
8705.10.00.00.19,,Diğerleri,0.4,VFD *  0.004
8705.20.00.00.00,,Sondaj veya delme işlerinde kullanılan seyyar derrickler,0.4,VFD *  0.004
8705.30.00.00.00,,İtfaiye taşıtları,0.4,VFD *  0.004
8705.40.00.00.00,,Beton karıştırıcı ile mücehhez kamyonlar,0.4,VFD *  0.004
8705.90.30.00.00,,Beton pompalama taşıtları,0.4,VFD *  0.004
8705.90.80.10.11,,Arazözler,0.4,VFD *  0.004
8705.90.80.10.12,,Kar küremeye mahsus taşıtlar,0.4,VFD *  0.004
8705.90.80.90.11,,Merdivenli veya yükseltilebilen platformlu taşıtlar,0.4,VFD *  0.004
8705.90.80.90.18,,Diğerleri,0.4,VFD *  0.004
8709.11.10.00.00,,Yüksek radyoaktif maddelerin taşınması için özel olarak yapılmış olanlar (EURATOM),0.4,VFD *  0.004
8709.11.90.00.00,,Diğerleri,0.4,VFD *  0.004
8709.19.10.00.00,,Yüksek radyoaktif maddelerin taşınması için özel olarak yapılmış olanlar (EURATOM),0.4,VFD *  0.004
8709.19.90.00.00,,Diğerleri,0.4,VFD *  0.004
8709.90.00.00.00,,Aksam ve parçalar,0.4,VFD *  0.004
8711.10.00.00.11,,Mopedler,0.4,VFD *  0.004
8711.10.00.00.19,,Diğerleri,0.4,VFD *  0.004
8711.20.10.00.00,,Skuterler,0.4,VFD *  0.004
8711.20.92.00.11,,Silindir hacmi 50 cm3.ü geçen fakat 80 cm3. ü geçmeyenler,0.4,VFD *  0.004
8711.20.92.00.19,,Silindir hacmi 80 cm3.ü geçen fakat 125 cm3.ü geçmeyenler,0.4,VFD *  0.004
8711.20.98.00.00,,Silindir hacmi 125 cm3.ü geçen fakat 250 cm3.ü geçmeyenler,0.4,VFD *  0.004
8711.30.10.00.00,,Silindir hacmi 250 cm3.ü geçen fakat 380 cm3.ü geçmeyenler,0.4,VFD *  0.004
8711.30.90.00.00,,Silindir hacmi 380 cm3.ü geçen fakat 500 cm3.ü geçmeyenler,0.4,VFD *  0.004
8711.40.00.00.00,,Silindir hacmi 500 cm3.ü geçen fakat 800 cm3.ü geçmeyen içten yanmalı doğrusal pistonlu motorlu olanlar,0.4,VFD *  0.004
8711.50.00.00.00,,Silindir hacmi 800 cm3.ü geçen içten yanmalı doğrusal pistonlu motorlu olanlar,0.4,VFD *  0.004
8711.60.10.00.00,,"Sürekli nominal gücü 250 watt. ı geçmeyen yardımcı bir elektrik motoru olan pedal yardımlı, iki, üç ve dört tekerlekli taşıtlar",0.4,VFD *  0.004
8711.60.90.00.11,,Motor gücü 20 kW' ı geçenler,0.4,VFD *  0.004
8711.60.90.00.12,,Motor gücü 20 kW'ı geçmeyenler,0.4,VFD *  0.004
8711.90.00.00.00,,Diğerleri,0.4,VFD *  0.004
8801.00.10.00.00,,Balonlar ve hava gemileri; planörler ve delta kanatlı planörler,0.01,VFD *  0.0001
8801.00.90.00.00,,Diğerleri,0.01,VFD *  0.0001
8802.11.00.00.00,,Boş haldeki ağırlıkları 2000 kg.ı geçmeyenler,0.01,VFD *  0.0001
8802.12.00.00.00,,Boş haldeki ağırlıkları 2000 kg.ı geçenler,0.01,VFD *  0.0001
8802.20.00.10.00,,Zirai mücadelede ilaçlama aracı olarak kullanılmak üzere ithal olunan özel yapıdaki uçaklar,0.01,VFD *  0.0001
8802.20.00.20.00,,Yolcu taşımaya mahsus olanlar,0.01,VFD *  0.0001
8802.20.00.90.00,,Diğerleri,0.01,VFD *  0.0001
8802.30.00.10.00,,Zirai mücadelede ilaçlama aracı olarak kullanılmak üzere ithal olunan özel yapıdaki uçaklar,0.01,VFD *  0.0001
8802.30.00.20.00,,Yolcu taşımaya mahsus olanlar,0.01,VFD *  0.0001
8802.30.00.90.00,,Diğerleri,0.01,VFD *  0.0001
8802.40.00.10.00,,Yolcu taşımaya mahsus olanlar,0.01,VFD *  0.0001
8802.40.00.90.00,,Diğerleri,0.01,VFD *  0.0001
8802.60.11.00.00,,Telekomünikasyon uyduları,0.01,VFD *  0.0001
8802.60.19.00.00,,Diğerleri,0.01,VFD *  0.0001
8802.60.90.00.00,,Uzay araçlarını fırlatıcı araçlar ve yörünge-altı araçları,0.01,VFD *  0.0001
8901.10.10.00.11,,18 Gros tonilatoyu geçmeyen gezinti gemileri,0.01,VFD *  0.0001
8901.10.10.00.19,,18 Gros tonilatoyu geçmeyen diğer gemiler,0.01,VFD *  0.0001
8901.10.10.00.21,,18 Gros tonilatoyu geçen fakat 300 gros tonilatoyu geçmeyen yolcu ve gezinti gemileri,0.01,VFD *  0.0001
8901.10.10.00.22,,18 Gros tonilatoyu geçen fakat 300 gros tonilatoyu geçmeyen her nevi feribotlar,0.01,VFD *  0.0001
8901.10.10.00.29,,18 Gros tonilatoyu geçen fakat 300 gros tonilatoyu geçmeyen diğer gemiler,0.01,VFD *  0.0001
8901.10.10.00.31,,300 Gros tonilatoyu geçen fakat 1000 gros tonilatoyu geçmeyen yolcu ve gezinti gemileri,0.01,VFD *  0.0001
8901.10.10.00.32,,300 Gros tonilatoyu geçen fakat 1000 gros tonilatoyu geçmeyen her nevi feribotlar,0.01,VFD *  0.0001
8901.10.10.00.39,,300 Gros tonilatoyu geçen fakat 1000 gros tonilatoyu geçmeyen diğer gemiler,0.01,VFD *  0.0001
8901.10.10.00.41,,1000 Gros tonilatoyu geçen yolcu ve gezinti gemileri,0.01,VFD *  0.0001
8901.10.10.00.42,,1000 Gros tonilatoyu geçen her nevi feribotlar,0.01,VFD *  0.0001
8901.10.10.00.49,,1000 Gros tonilatoyu geçen diğer gemiler,0.01,VFD *  0.0001
8901.10.90.00.11,,Yolcu ve gezinti gemileri,0.01,VFD *  0.0001
8901.10.90.00.19,,Diğerleri,0.01,VFD *  0.0001
8901.20.10.00.11,,18 Gros tonilatoyu geçmeyenler,0.01,VFD *  0.0001
8901.20.10.00.12,,18 Gros tonilatoyu geçen fakat 300 gros tonilatoyu geçmeyenler,0.01,VFD *  0.0001
8901.20.10.00.13,,300 Gros tonilatoyu geçen fakat 1000 gros tonilatoyu geçmeyenler,0.01,VFD *  0.0001
8901.20.10.00.14,,1000 Gros tonilatoyu geçenler,0.01,VFD *  0.0001
8901.20.90.00.00,,Diğerleri,0.01,VFD *  0.0001
8901.30.10.00.11,,18 Gros tonilatoyu geçmeyenler,0.01,VFD *  0.0001
8901.30.10.00.12,,18 Gros tonilatoyu geçen fakat 300 gros tonilatoyu geçmeyenler,0.01,VFD *  0.0001
8901.30.10.00.13,,300 Gros tonilatoyu geçen fakat 1000 gros tonilatoyu geçmeyenler,0.01,VFD *  0.0001
8901.30.10.00.14,,1000 Gros tonilatoyu geçenler,0.01,VFD *  0.0001
8901.30.90.00.00,,Diğerleri,0.01,VFD *  0.0001
8901.90.10.00.11,,18 Gros tonilatoyu geçmeyenler,0.01,VFD *  0.0001
8901.90.10.00.12,,18 Gros tonilatoyu geçen fakat 300 gros tonilatoyu geçmeyenler,0.01,VFD *  0.0001
8901.90.10.00.13,,300 Gros tonilatoyu geçen fakat 1000 gros tonilatoyu geçmeyenler,0.01,VFD *  0.0001
8901.90.10.00.14,,1000 Gros tonilatoyu geçenler,0.01,VFD *  0.0001
8901.90.90.00.00,,Diğerleri,0.01,VFD *  0.0001
8902.00.10.00.00,,Denizde seyretmeye mahsus olanlar,0.01,VFD *  0.0001
8902.00.90.00.00,,Diğerleri,0.01,VFD *  0.0001
8903.10.10.00.00,,Birim ağırlığı 100 kg.ı geçmeyenler:,0.01,VFD *  0.0001
8903.10.90.00.00,,Diğerleri,0.01,VFD *  0.0001
8903.91.10.00.00,,Denizde seyretmeye mahsus olanlar,0.01,VFD *  0.0001
8903.91.90.00.00,,Diğerleri:,0.01,VFD *  0.0001
8903.92.10.00.00,,Denizde seyretmeye mahsus olanlar,0.01,VFD *  0.0001
8903.92.91.00.00,,"Uzunluğu 7,5 m.yi geçmeyenler",0.01,VFD *  0.0001
8903.92.99.00.00,,"Uzunluğu 7,5 m.yi geçenler",0.01,VFD *  0.0001
8903.99.10.00.11,,Kürekli kayık ve kanolar,0.01,VFD *  0.0001
8903.99.10.00.19,,Diğerleri,0.01,VFD *  0.0001
8903.99.91.00.11,,Kürekli kayık ve kanolar,0.01,VFD *  0.0001
8903.99.91.00.19,,Diğerleri,0.01,VFD *  0.0001
8903.99.99.00.11,,Kürekli kayık ve kanolar,0.01,VFD *  0.0001
8903.99.99.00.19,,Diğerleri,0.01,VFD *  0.0001
8904.00.10.00.11,,18 Gros tonilatoyu geçmeyenler,0.01,VFD *  0.0001
8904.00.10.00.12,,18 Gros tonilatoyu geçen fakat 300 gros tonilatoyu geçmeyenler,0.01,VFD *  0.0001
8904.00.10.00.13,,300 Gros tonilatoyu geçenler,0.01,VFD *  0.0001
8904.00.91.00.00,,Denizde seyretmeye mahsus olanlar,0.01,VFD *  0.0001
8904.00.99.00.00,,Diğerleri,0.01,VFD *  0.0001
8905.10.10.00.00,,Denizde seyretmeye mahsus olanlar,0.01,VFD *  0.0001
8905.10.90.00.00,,Diğerleri,0.01,VFD *  0.0001
8905.20.00.00.00,,Yüzer veya dalabilen sondaj ve üretim platformları,0.01,VFD *  0.0001
8905.90.10.00.00,,Denizde seyretmeye mahsus olanlar,0.01,VFD *  0.0001
8905.90.90.00.00,,Diğerleri,0.01,VFD *  0.0001
8418.10.20.00.00,,Hacmi 340 litreyi geçenler,8,VFD *  0.08
8418.10.80.00.00,,Diğerleri,8,VFD *  0.08
8418.21.10.00.00,,Hacmi 340 litreyi geçenler,8,VFD *  0.08
8418.21.51.00.00,,Masa modeli olanlar,8,VFD *  0.08
8418.21.59.00.00,,Gömme tip olanlar,8,VFD *  0.08
8418.21.91.00.00,,Hacmi 250 litreyi geçmeyenler,8,VFD *  0.08
8418.21.99.00.00,,Hacmi 250 litreyi geçen fakat 340 litreyi geçmeyenler,8,VFD *  0.08
8418.29.00.00.11,,Evlerde kullanılan elektriksiz buzdolapları,8,VFD *  0.08
8418.29.00.00.19,,Diğerleri,8,VFD *  0.08
8471.30.00.00.00,,"Portatif otomatik bilgi işlem makinaları ( en az bir merkezi işlem birimi, bir klavye ve bir ekrandan oluşan ve ağırlığı 10 kg.ı geçmeyenler)",2,VFD *  0.02
8471.41.00.10.00,,Sivil hava taşıtlarında kullanılmaya mahsus olanlar,2,VFD *  0.02
8471.41.00.90.00,,Diğerleri,2,VFD *  0.02
8471.49.00.10.00,,Sivil hava taşıtlarında kullanılmaya mahsus olanlar,2,VFD *  0.02
8471.49.00.90.00,,Diğerleri,2,VFD *  0.02
8471.50.00.10.00,,Sivil hava taşıtlarında kullanılmaya mahsus olanlar,2,VFD *  0.02
8471.50.00.90.00,,Diğerleri,2,VFD *  0.02
8517.12.00.00.11,,ALıCıSı BULUNAN VERICI PORTATIF (CELLULAR) TELSIZ TELEFON CIHAZLARı,10,VFD *  0.1
8517.62.00.90.00,,DIĞERLERI:,8,VFD *  0.08
8519.20.10.00.00,,Madeni para veya jetonla çalışan pikaplar,16,VFD *  0.16
8519.20.91.00.00,,Lazer okuma sistemliler,16,VFD *  0.16
8519.20.99.00.11,,Makara tipi,16,VFD *  0.16
8519.20.99.00.19,,Diğerleri,16,VFD *  0.16
8519.30.00.00.00,,Plak döndürücüler (pikaplar),16,VFD *  0.16
8519.50.00.00.00,,Telefonlara cevap verme makinaları,16,VFD *  0.16
8519.81.00.00.00,,"Manyetik,optik veya yarı iletken mesnetleri kullananlar",16,VFD *  0.16
8519.89.00.00.00,,DiğerIeri,16,VFD *  0.16
8521.10.20.00.00,,"Eni 1,3 cm.yi geçmeyen bant kullanan ve bant hızı 50 mm./ saniyeyi geçmeyecek bir devirde kayda veya kaydedileni tekrar göstermeye mahsus olanlar",16,VFD *  0.16
8521.10.95.00.00,,Diğerleri:,16,VFD *  0.16
8521.90.00.00.00,,Diğerleri,8,VFD *  0.08
8525.80.30.00.00,,DIJITAL KAMERALAR,8,VFD *  0.08
8526.91.80.00.19,,DIĞERLERI,8,VFD *  0.08
8528.59.00.00.00,,DIĞERLERI,8,VFD *  0.08
8527.13.00.00.00,BAN16,Ses kayıt veya kayıt edilen sesi tekrar vermeye mahsus cihaz ile birlikte olan diğer cihazlar,16,VFD *  0.16
8527.13.00.00.00,BAN8,Ses kayıt veya kayıt edilen sesi tekrar vermeye mahsus cihaz ile birlikte olan diğer cihazlar,8,VFD *  0.08
8527.19.00.00.00,,DIĞERLERI,8,VFD *  0.08
8527.91.00.00.00,,Ses kayıt veya kayıt edilen sesi tekrar vermeye mahsus cihaz ile birlikte olanlar,16,VFD *  0.16
8527.99.00.00.00,,DIĞERLERI,8,VFD *  0.08
8528.71.11.00.00,,Otomatik bilgi işlem makinalarının içine yerleştirilmeye mahsus elektronik montajlar,10,VFD *  0.1
8528.71.15.00.00,,"Internete erişim sağlayan bir modem içeren ve interaktif bilgi değişim fonksiyonu olan, televizyon sinyallerini alabilen bir mikro-işlemci esaslı aygıtı olan cihaz (iletişim fonksiyonlu set-top boxes adlandırılanlar; esas fonksiyonu olan iletişim fonksiyonunu koruduğu sürece, bilgileri kaydeden ve kaydedilen bilgileri yeniden veren cihazları içerenler dahil)",10,VFD *  0.1
8528.71.19.00.11,,Uydu TV yayınlarını almaya mahsus alıcı cihazlar,10,VFD *  0.1
8528.71.19.00.19,,Diğerleri,10,VFD *  0.1
8528.71.91.00.00,,"Internete erişim sağlayan bir modem içeren ve interaktif bilgi değişim fonksiyonu olan, televizyon sinyallerini alabilen bir mikro-işlemci esaslı aygıtı olan cihaz (iletişim fonksiyonlu set-top boxes adlandırılanlar; esas fonksiyonu olan iletişim fonksiyonunu koruduğu sürece, bilgileri kaydeden ve kaydedilen bilgileri yeniden veren cihazları içerenler dahil)",10,VFD *  0.1
8528.71.99.00.00,,Diğerleri,10,VFD *  0.1
8528.72.10.00.00,BAN16,Teleprojektörler,16,VFD *  0.16
8528.72.20.00.00,BAN16,Video kayıt veya tekrar vermeye mahsus cihazla mücehhez olanlar,16,VFD *  0.16
8528.72.30.00.00,BAN16,İçinde resim tüpü olanlar,16,VFD *  0.16
8528.72.40.00.00,BAN16,Sıvı kristal gösterge (LCD) teknoloji ekranı olanlar,16,VFD *  0.16
8528.72.60.00.00,BAN16,Plazma gösterge panel (PDP) teknoloji ekranı olanlar,16,VFD *  0.16
8528.72.80.00.00,BAN16,Diğerleri,16,VFD *  0.16
8528.72.10.00.00,BAN8,Teleprojektörler,8,VFD *  0.08
8528.72.20.00.00,BAN8,Video kayıt veya tekrar vermeye mahsus cihazla mücehhez olanlar,8,VFD *  0.08
8528.72.30.00.00,BAN8,İçinde resim tüpü olanlar,8,VFD *  0.08
8528.72.40.00.00,BAN8,Sıvı kristal gösterge (LCD) teknoloji ekranı olanlar,8,VFD *  0.08
8528.72.60.00.00,BAN8,Plazma gösterge panel (PDP) teknoloji ekranı olanlar,8,VFD *  0.08
8528.72.80.00.00,BAN8,Diğerleri,8,VFD *  0.08
8528.73.00.00.00,BAN16,"Diğerleri, siyah beyaz veya diğer tek renkli olanlar",16,VFD *  0.16
8528.73.00.00.00,BAN8,"Diğerleri, siyah beyaz veya diğer tek renkli olanlar",8,VFD *  0.08
8716.10.92.00.00,,Ağırlığı 1600 kg.ı geçmeyenler,0.4,VFD *  0.004
8716.10.98.00.00,,Ağırlığı 1600 kg.ı geçenler,0.4,VFD *  0.004
8906.90.10.00.00,,Denizde seyretmeye mahsus olanlar,0.01,VFD *  0.0001
8906.90.91.00.00,,Birim ağırlığı 100 kg.ı geçmeyenler,0.01,VFD *  0.0001
8906.90.99.00.00,,Diğerleri,0.01,VFD *  0.0001
9019.10.90.00.13,,BASıNÇLı SU ILE MASAJ YAPAN HIDRO BANYO SISTEMLERI,8,VFD *  0.08
9506.91.10.00.00,,GÜÇ AYARLAMA MEKANIZMALı EGZERSIZ ALETLERI,8,VFD *  0.08
9506.91.90.00.00,,DIĞERLERI,8,VFD *  0.08
