Trade Group Code,Trade Group Description,Country Code,Country Name,Origin Control,Exit Country Control
AKCT,Türkiye-AB Avrupa Kömür Çelik Topluluğu Ürünleri STA’sı,FR,France,YES,YES
AKCT,Türkiye-AB Avrupa Kömür Çelik Topluluğu Ürünleri STA’sı,NL,Netherlands,YES,YES
AKCT,Türkiye-AB Avrupa Kömür Çelik Topluluğu Ürünleri STA’sı,DE,Germany,YES,YES
AKCT,Türkiye-AB Avrupa Kömür Çelik Topluluğu Ürünleri STA’sı,IT,Italy,YES,YES
AKCT,Türkiye-AB Avrupa Kömür Çelik Topluluğu Ürünleri STA’sı,GB,United Kingdom,YES,YES
AKCT,Türkiye-AB Avrupa Kömür Çelik Topluluğu Ürünleri STA’sı,IE,Ireland,YES,YES
AKCT,Türkiye-AB Avrupa Kömür Çelik Topluluğu Ürünleri STA’sı,DK,Denmark,YES,YES
AKCT,Türkiye-AB Avrupa Kömür Çelik Topluluğu Ürünleri STA’sı,GR,Greece,YES,YES
AKCT,Türkiye-AB Avrupa Kömür Çelik Topluluğu Ürünleri STA’sı,PT,Portugal,YES,YES
AKCT,Türkiye-AB Avrupa Kömür Çelik Topluluğu Ürünleri STA’sı,ES,Spain,YES,YES
AKCT,Türkiye-AB Avrupa Kömür Çelik Topluluğu Ürünleri STA’sı,BE,Belgium,YES,YES
AKCT,Türkiye-AB Avrupa Kömür Çelik Topluluğu Ürünleri STA’sı,LU,Luxembourg,YES,YES
AKCT,Türkiye-AB Avrupa Kömür Çelik Topluluğu Ürünleri STA’sı,IS,Iceland,NO,YES
AKCT,Türkiye-AB Avrupa Kömür Çelik Topluluğu Ürünleri STA’sı,NO,Norway,NO,YES
AKCT,Türkiye-AB Avrupa Kömür Çelik Topluluğu Ürünleri STA’sı,SE,Sweden,YES,YES
AKCT,Türkiye-AB Avrupa Kömür Çelik Topluluğu Ürünleri STA’sı,FI,Finland,YES,YES
AKCT,Türkiye-AB Avrupa Kömür Çelik Topluluğu Ürünleri STA’sı,LI,Liechtenstein,NO,YES
AKCT,Türkiye-AB Avrupa Kömür Çelik Topluluğu Ürünleri STA’sı,AT,Austria,YES,YES
AKCT,Türkiye-AB Avrupa Kömür Çelik Topluluğu Ürünleri STA’sı,CH,Switzerland,NO,YES
AKCT,Türkiye-AB Avrupa Kömür Çelik Topluluğu Ürünleri STA’sı,MT,Malta,YES,YES
AKCT,Türkiye-AB Avrupa Kömür Çelik Topluluğu Ürünleri STA’sı,EE,Estonia,YES,YES
AKCT,Türkiye-AB Avrupa Kömür Çelik Topluluğu Ürünleri STA’sı,LV,Latvia,YES,YES
AKCT,Türkiye-AB Avrupa Kömür Çelik Topluluğu Ürünleri STA’sı,LT,Lithuania,YES,YES
AKCT,Türkiye-AB Avrupa Kömür Çelik Topluluğu Ürünleri STA’sı,PL,Poland,YES,YES
AKCT,Türkiye-AB Avrupa Kömür Çelik Topluluğu Ürünleri STA’sı,CZ,Czech Republic,YES,YES
AKCT,Türkiye-AB Avrupa Kömür Çelik Topluluğu Ürünleri STA’sı,SK,Slovakia,YES,YES
AKCT,Türkiye-AB Avrupa Kömür Çelik Topluluğu Ürünleri STA’sı,HU,Hungary,YES,YES
AKCT,Türkiye-AB Avrupa Kömür Çelik Topluluğu Ürünleri STA’sı,RO,Romania,YES,YES
AKCT,Türkiye-AB Avrupa Kömür Çelik Topluluğu Ürünleri STA’sı,BG,Bulgaria,YES,YES
AKCT,Türkiye-AB Avrupa Kömür Çelik Topluluğu Ürünleri STA’sı,SI,Slovenia,YES,YES
AKCT,Türkiye-AB Avrupa Kömür Çelik Topluluğu Ürünleri STA’sı,HR,Croatia,YES,YES
AKCT,Türkiye-AB Avrupa Kömür Çelik Topluluğu Ürünleri STA’sı,MA,Morocco,NO,YES
AKCT,Türkiye-AB Avrupa Kömür Çelik Topluluğu Ürünleri STA’sı,TN,Tunisia,NO,YES
AKCT,Türkiye-AB Avrupa Kömür Çelik Topluluğu Ürünleri STA’sı,EG,Egypt,NO,YES
AKCT,Türkiye-AB Avrupa Kömür Çelik Topluluğu Ürünleri STA’sı,CY,Cyprus,YES,YES
AKCT,Türkiye-AB Avrupa Kömür Çelik Topluluğu Ürünleri STA’sı,IL,Israel,NO,YES
AKCT,Türkiye-AB Avrupa Kömür Çelik Topluluğu Ürünleri STA’sı,JO,Jordan,NO,YES
ARN,Arnavutluk STA,FR,France,NO,YES
ARN,Arnavutluk STA,NL,Netherlands,NO,YES
ARN,Arnavutluk STA,DE,Germany,NO,YES
ARN,Arnavutluk STA,IT,Italy,NO,YES
ARN,Arnavutluk STA,GB,United Kingdom,NO,YES
ARN,Arnavutluk STA,IE,Ireland,NO,YES
ARN,Arnavutluk STA,DK,Denmark,NO,YES
ARN,Arnavutluk STA,GR,Greece,NO,YES
ARN,Arnavutluk STA,PT,Portugal,NO,YES
ARN,Arnavutluk STA,ES,Spain,NO,YES
ARN,Arnavutluk STA,BE,Belgium,NO,YES
ARN,Arnavutluk STA,LU,Luxembourg,NO,YES
ARN,Arnavutluk STA,SE,Sweden,NO,YES
ARN,Arnavutluk STA,FI,Finland,NO,YES
ARN,Arnavutluk STA,AT,Austria,NO,YES
ARN,Arnavutluk STA,MT,Malta,NO,YES
ARN,Arnavutluk STA,EE,Estonia,NO,YES
ARN,Arnavutluk STA,LV,Latvia,NO,YES
ARN,Arnavutluk STA,LT,Lithuania,NO,YES
ARN,Arnavutluk STA,PL,Poland,NO,YES
ARN,Arnavutluk STA,CZ,Czech Republic,NO,YES
ARN,Arnavutluk STA,SK,Slovakia,NO,YES
ARN,Arnavutluk STA,HU,Hungary,NO,YES
ARN,Arnavutluk STA,RO,Romania,NO,YES
ARN,Arnavutluk STA,BG,Bulgaria,NO,YES
ARN,Arnavutluk STA,AL,Albania,YES,YES
ARN,Arnavutluk STA,SI,Slovenia,NO,YES
ARN,Arnavutluk STA,HR,Croatia,NO,YES
ARN,Arnavutluk STA,BA,Bosnia and Herzegovina,NO,YES
ARN,Arnavutluk STA,MK,North Macedonia,NO,YES
ARN,Arnavutluk STA,ME,Montenegro,NO,YES
ARN,Arnavutluk STA,RS,Serbia,NO,YES
ARN,Arnavutluk STA,CY,Cyprus,NO,YES
AT,Türkiye-AB Ortaklık Konseyinin Gümrük Birliği 1/95 sayılı Kararı,FR,France,NO,YES
AT,Türkiye-AB Ortaklık Konseyinin Gümrük Birliği 1/95 sayılı Kararı,NL,Netherlands,NO,YES
AT,Türkiye-AB Ortaklık Konseyinin Gümrük Birliği 1/95 sayılı Kararı,DE,Germany,NO,YES
AT,Türkiye-AB Ortaklık Konseyinin Gümrük Birliği 1/95 sayılı Kararı,IT,Italy,NO,YES
AT,Türkiye-AB Ortaklık Konseyinin Gümrük Birliği 1/95 sayılı Kararı,GB,United Kingdom,NO,YES
AT,Türkiye-AB Ortaklık Konseyinin Gümrük Birliği 1/95 sayılı Kararı,IE,Ireland,NO,YES
AT,Türkiye-AB Ortaklık Konseyinin Gümrük Birliği 1/95 sayılı Kararı,DK,Denmark,NO,YES
AT,Türkiye-AB Ortaklık Konseyinin Gümrük Birliği 1/95 sayılı Kararı,GR,Greece,NO,YES
AT,Türkiye-AB Ortaklık Konseyinin Gümrük Birliği 1/95 sayılı Kararı,PT,Portugal,NO,YES
AT,Türkiye-AB Ortaklık Konseyinin Gümrük Birliği 1/95 sayılı Kararı,ES,Spain,NO,YES
AT,Türkiye-AB Ortaklık Konseyinin Gümrük Birliği 1/95 sayılı Kararı,BE,Belgium,NO,YES
AT,Türkiye-AB Ortaklık Konseyinin Gümrük Birliği 1/95 sayılı Kararı,LU,Luxembourg,NO,YES
AT,Türkiye-AB Ortaklık Konseyinin Gümrük Birliği 1/95 sayılı Kararı,SE,Sweden,NO,YES
AT,Türkiye-AB Ortaklık Konseyinin Gümrük Birliği 1/95 sayılı Kararı,FI,Finland,NO,YES
AT,Türkiye-AB Ortaklık Konseyinin Gümrük Birliği 1/95 sayılı Kararı,AT,Austria,NO,YES
AT,Türkiye-AB Ortaklık Konseyinin Gümrük Birliği 1/95 sayılı Kararı,MT,Malta,NO,YES
AT,Türkiye-AB Ortaklık Konseyinin Gümrük Birliği 1/95 sayılı Kararı,EE,Estonia,NO,YES
AT,Türkiye-AB Ortaklık Konseyinin Gümrük Birliği 1/95 sayılı Kararı,LV,Latvia,NO,YES
AT,Türkiye-AB Ortaklık Konseyinin Gümrük Birliği 1/95 sayılı Kararı,LT,Lithuania,NO,YES
AT,Türkiye-AB Ortaklık Konseyinin Gümrük Birliği 1/95 sayılı Kararı,PL,Poland,NO,YES
AT,Türkiye-AB Ortaklık Konseyinin Gümrük Birliği 1/95 sayılı Kararı,CZ,Czech Republic,NO,YES
AT,Türkiye-AB Ortaklık Konseyinin Gümrük Birliği 1/95 sayılı Kararı,SK,Slovakia,NO,YES
AT,Türkiye-AB Ortaklık Konseyinin Gümrük Birliği 1/95 sayılı Kararı,HU,Hungary,NO,YES
AT,Türkiye-AB Ortaklık Konseyinin Gümrük Birliği 1/95 sayılı Kararı,RO,Romania,NO,YES
AT,Türkiye-AB Ortaklık Konseyinin Gümrük Birliği 1/95 sayılı Kararı,BG,Bulgaria,NO,YES
AT,Türkiye-AB Ortaklık Konseyinin Gümrük Birliği 1/95 sayılı Kararı,SI,Slovenia,NO,YES
AT,Türkiye-AB Ortaklık Konseyinin Gümrük Birliği 1/95 sayılı Kararı,HR,Croatia,NO,YES
AT,Türkiye-AB Ortaklık Konseyinin Gümrük Birliği 1/95 sayılı Kararı,CY,Cyprus,NO,YES
ATRM,Türkiye-AB Ortaklık Konseyi-tarım ürünleri ticareti 1/98 sayılı Kararı,FR,France,YES,YES
ATRM,Türkiye-AB Ortaklık Konseyi-tarım ürünleri ticareti 1/98 sayılı Kararı,NL,Netherlands,YES,YES
ATRM,Türkiye-AB Ortaklık Konseyi-tarım ürünleri ticareti 1/98 sayılı Kararı,DE,Germany,YES,YES
ATRM,Türkiye-AB Ortaklık Konseyi-tarım ürünleri ticareti 1/98 sayılı Kararı,IT,Italy,YES,YES
ATRM,Türkiye-AB Ortaklık Konseyi-tarım ürünleri ticareti 1/98 sayılı Kararı,GB,United Kingdom,YES,YES
ATRM,Türkiye-AB Ortaklık Konseyi-tarım ürünleri ticareti 1/98 sayılı Kararı,IE,Ireland,YES,YES
ATRM,Türkiye-AB Ortaklık Konseyi-tarım ürünleri ticareti 1/98 sayılı Kararı,DK,Denmark,YES,YES
ATRM,Türkiye-AB Ortaklık Konseyi-tarım ürünleri ticareti 1/98 sayılı Kararı,GR,Greece,YES,YES
ATRM,Türkiye-AB Ortaklık Konseyi-tarım ürünleri ticareti 1/98 sayılı Kararı,PT,Portugal,YES,YES
ATRM,Türkiye-AB Ortaklık Konseyi-tarım ürünleri ticareti 1/98 sayılı Kararı,ES,Spain,YES,YES
ATRM,Türkiye-AB Ortaklık Konseyi-tarım ürünleri ticareti 1/98 sayılı Kararı,BE,Belgium,YES,YES
ATRM,Türkiye-AB Ortaklık Konseyi-tarım ürünleri ticareti 1/98 sayılı Kararı,LU,Luxembourg,YES,YES
ATRM,Türkiye-AB Ortaklık Konseyi-tarım ürünleri ticareti 1/98 sayılı Kararı,IS,Iceland,NO,YES
ATRM,Türkiye-AB Ortaklık Konseyi-tarım ürünleri ticareti 1/98 sayılı Kararı,NO,Norway,NO,YES
ATRM,Türkiye-AB Ortaklık Konseyi-tarım ürünleri ticareti 1/98 sayılı Kararı,SE,Sweden,YES,YES
ATRM,Türkiye-AB Ortaklık Konseyi-tarım ürünleri ticareti 1/98 sayılı Kararı,FI,Finland,YES,YES
ATRM,Türkiye-AB Ortaklık Konseyi-tarım ürünleri ticareti 1/98 sayılı Kararı,LI,Liechtenstein,NO,YES
ATRM,Türkiye-AB Ortaklık Konseyi-tarım ürünleri ticareti 1/98 sayılı Kararı,AT,Austria,YES,YES
ATRM,Türkiye-AB Ortaklık Konseyi-tarım ürünleri ticareti 1/98 sayılı Kararı,CH,Switzerland,NO,YES
ATRM,Türkiye-AB Ortaklık Konseyi-tarım ürünleri ticareti 1/98 sayılı Kararı,MT,Malta,YES,YES
ATRM,Türkiye-AB Ortaklık Konseyi-tarım ürünleri ticareti 1/98 sayılı Kararı,EE,Estonia,YES,YES
ATRM,Türkiye-AB Ortaklık Konseyi-tarım ürünleri ticareti 1/98 sayılı Kararı,LV,Latvia,YES,YES
ATRM,Türkiye-AB Ortaklık Konseyi-tarım ürünleri ticareti 1/98 sayılı Kararı,LT,Lithuania,YES,YES
ATRM,Türkiye-AB Ortaklık Konseyi-tarım ürünleri ticareti 1/98 sayılı Kararı,PL,Poland,YES,YES
ATRM,Türkiye-AB Ortaklık Konseyi-tarım ürünleri ticareti 1/98 sayılı Kararı,CZ,Czech Republic,YES,YES
ATRM,Türkiye-AB Ortaklık Konseyi-tarım ürünleri ticareti 1/98 sayılı Kararı,SK,Slovakia,YES,YES
ATRM,Türkiye-AB Ortaklık Konseyi-tarım ürünleri ticareti 1/98 sayılı Kararı,HU,Hungary,YES,YES
ATRM,Türkiye-AB Ortaklık Konseyi-tarım ürünleri ticareti 1/98 sayılı Kararı,RO,Romania,YES,YES
ATRM,Türkiye-AB Ortaklık Konseyi-tarım ürünleri ticareti 1/98 sayılı Kararı,BG,Bulgaria,YES,YES
ATRM,Türkiye-AB Ortaklık Konseyi-tarım ürünleri ticareti 1/98 sayılı Kararı,SI,Slovenia,YES,YES
ATRM,Türkiye-AB Ortaklık Konseyi-tarım ürünleri ticareti 1/98 sayılı Kararı,HR,Croatia,YES,YES
ATRM,Türkiye-AB Ortaklık Konseyi-tarım ürünleri ticareti 1/98 sayılı Kararı,MA,Morocco,NO,YES
ATRM,Türkiye-AB Ortaklık Konseyi-tarım ürünleri ticareti 1/98 sayılı Kararı,TN,Tunisia,NO,YES
ATRM,Türkiye-AB Ortaklık Konseyi-tarım ürünleri ticareti 1/98 sayılı Kararı,EG,Egypt,NO,YES
ATRM,Türkiye-AB Ortaklık Konseyi-tarım ürünleri ticareti 1/98 sayılı Kararı,CY,Cyprus,YES,YES
ATRM,Türkiye-AB Ortaklık Konseyi-tarım ürünleri ticareti 1/98 sayılı Kararı,IL,Israel,NO,YES
ATRM,Türkiye-AB Ortaklık Konseyi-tarım ürünleri ticareti 1/98 sayılı Kararı,JO,Jordan,NO,YES
BBMK,Batı Balkan Menşe Kümülasyonu Sistemi,FR,France,YES,YES
BBMK,Batı Balkan Menşe Kümülasyonu Sistemi,NL,Netherlands,YES,YES
BBMK,Batı Balkan Menşe Kümülasyonu Sistemi,DE,Germany,YES,YES
BBMK,Batı Balkan Menşe Kümülasyonu Sistemi,IT,Italy,YES,YES
BBMK,Batı Balkan Menşe Kümülasyonu Sistemi,GB,United Kingdom,YES,YES
BBMK,Batı Balkan Menşe Kümülasyonu Sistemi,IE,Ireland,YES,YES
BBMK,Batı Balkan Menşe Kümülasyonu Sistemi,DK,Denmark,YES,YES
BBMK,Batı Balkan Menşe Kümülasyonu Sistemi,GR,Greece,YES,YES
BBMK,Batı Balkan Menşe Kümülasyonu Sistemi,PT,Portugal,YES,YES
BBMK,Batı Balkan Menşe Kümülasyonu Sistemi,ES,Spain,YES,YES
BBMK,Batı Balkan Menşe Kümülasyonu Sistemi,BE,Belgium,YES,YES
BBMK,Batı Balkan Menşe Kümülasyonu Sistemi,LU,Luxembourg,YES,YES
BBMK,Batı Balkan Menşe Kümülasyonu Sistemi,SE,Sweden,YES,YES
BBMK,Batı Balkan Menşe Kümülasyonu Sistemi,FI,Finland,YES,YES
BBMK,Batı Balkan Menşe Kümülasyonu Sistemi,AT,Austria,YES,YES
BBMK,Batı Balkan Menşe Kümülasyonu Sistemi,MT,Malta,YES,YES
BBMK,Batı Balkan Menşe Kümülasyonu Sistemi,EE,Estonia,YES,YES
BBMK,Batı Balkan Menşe Kümülasyonu Sistemi,LV,Latvia,YES,YES
BBMK,Batı Balkan Menşe Kümülasyonu Sistemi,LT,Lithuania,YES,YES
BBMK,Batı Balkan Menşe Kümülasyonu Sistemi,PL,Poland,YES,YES
BBMK,Batı Balkan Menşe Kümülasyonu Sistemi,CZ,Czech Republic,YES,YES
BBMK,Batı Balkan Menşe Kümülasyonu Sistemi,SK,Slovakia,YES,YES
BBMK,Batı Balkan Menşe Kümülasyonu Sistemi,HU,Hungary,YES,YES
BBMK,Batı Balkan Menşe Kümülasyonu Sistemi,RO,Romania,YES,YES
BBMK,Batı Balkan Menşe Kümülasyonu Sistemi,BG,Bulgaria,YES,YES
BBMK,Batı Balkan Menşe Kümülasyonu Sistemi,AL,Albania,YES,YES
BBMK,Batı Balkan Menşe Kümülasyonu Sistemi,SI,Slovenia,YES,YES
BBMK,Batı Balkan Menşe Kümülasyonu Sistemi,HR,Croatia,YES,YES
BBMK,Batı Balkan Menşe Kümülasyonu Sistemi,BA,Bosnia and Herzegovina,YES,YES
BBMK,Batı Balkan Menşe Kümülasyonu Sistemi,MK,North Macedonia,YES,YES
BBMK,Batı Balkan Menşe Kümülasyonu Sistemi,ME,Montenegro,YES,YES
BBMK,Batı Balkan Menşe Kümülasyonu Sistemi,RS,Serbia,YES,YES
BBMK,Batı Balkan Menşe Kümülasyonu Sistemi,CY,Cyprus,YES,YES
BSH,Bosna-Hersek STA,FR,France,NO,YES
BSH,Bosna-Hersek STA,NL,Netherlands,NO,YES
BSH,Bosna-Hersek STA,DE,Germany,NO,YES
BSH,Bosna-Hersek STA,IT,Italy,NO,YES
BSH,Bosna-Hersek STA,GB,United Kingdom,NO,YES
BSH,Bosna-Hersek STA,IE,Ireland,NO,YES
BSH,Bosna-Hersek STA,DK,Denmark,NO,YES
BSH,Bosna-Hersek STA,GR,Greece,NO,YES
BSH,Bosna-Hersek STA,PT,Portugal,NO,YES
BSH,Bosna-Hersek STA,ES,Spain,NO,YES
BSH,Bosna-Hersek STA,BE,Belgium,NO,YES
BSH,Bosna-Hersek STA,LU,Luxembourg,NO,YES
BSH,Bosna-Hersek STA,SE,Sweden,NO,YES
BSH,Bosna-Hersek STA,FI,Finland,NO,YES
BSH,Bosna-Hersek STA,AT,Austria,NO,YES
BSH,Bosna-Hersek STA,MT,Malta,NO,YES
BSH,Bosna-Hersek STA,EE,Estonia,NO,YES
BSH,Bosna-Hersek STA,LV,Latvia,NO,YES
BSH,Bosna-Hersek STA,LT,Lithuania,NO,YES
BSH,Bosna-Hersek STA,PL,Poland,NO,YES
BSH,Bosna-Hersek STA,CZ,Czech Republic,NO,YES
BSH,Bosna-Hersek STA,SK,Slovakia,NO,YES
BSH,Bosna-Hersek STA,HU,Hungary,NO,YES
BSH,Bosna-Hersek STA,RO,Romania,NO,YES
BSH,Bosna-Hersek STA,BG,Bulgaria,NO,YES
BSH,Bosna-Hersek STA,AL,Albania,NO,YES
BSH,Bosna-Hersek STA,SI,Slovenia,NO,YES
BSH,Bosna-Hersek STA,HR,Croatia,NO,YES
BSH,Bosna-Hersek STA,BA,Bosnia and Herzegovina,YES,YES
BSH,Bosna-Hersek STA,MK,North Macedonia,NO,YES
BSH,Bosna-Hersek STA,ME,Montenegro,NO,YES
BSH,Bosna-Hersek STA,RS,Serbia,NO,YES
BSH,Bosna-Hersek STA,CY,Cyprus,NO,YES
D8,D-8 Üyesi Devletler Arasında Tercihli Ticaret Anlaşması,NG,Nigeria,YES,YES
D8,D-8 Üyesi Devletler Arasında Tercihli Ticaret Anlaşması,IR,"Iran, Islamic Republic of",YES,YES
D8,D-8 Üyesi Devletler Arasında Tercihli Ticaret Anlaşması,PK,Pakistan,YES,YES
D8,D-8 Üyesi Devletler Arasında Tercihli Ticaret Anlaşması,ID,Indonesia,YES,YES
D8,D-8 Üyesi Devletler Arasında Tercihli Ticaret Anlaşması,MY,Malaysia,YES,YES
EAZG,En Az Gelişmiş Ülkeler,RS,Serbia,YES,YES
EAZG,En Az Gelişmiş Ülkeler,SD,Sudan,YES,YES
EAZG,En Az Gelişmiş Ülkeler,MR,Mauritania,YES,YES
EAZG,En Az Gelişmiş Ülkeler,ML,Mali,YES,YES
EAZG,En Az Gelişmiş Ülkeler,BF,Burkina Faso,YES,YES
EAZG,En Az Gelişmiş Ülkeler,NE,Niger,YES,YES
EAZG,En Az Gelişmiş Ülkeler,TD,Chad,YES,YES
EAZG,En Az Gelişmiş Ülkeler,SN,Senegal,YES,YES
EAZG,En Az Gelişmiş Ülkeler,GM,Gambia,YES,YES
EAZG,En Az Gelişmiş Ülkeler,GW,Guinea-Bissau,YES,YES
EAZG,En Az Gelişmiş Ülkeler,GN,Guinea,YES,YES
EAZG,En Az Gelişmiş Ülkeler,SL,Sierra Leone,YES,YES
EAZG,En Az Gelişmiş Ülkeler,LR,Liberia,YES,YES
EAZG,En Az Gelişmiş Ülkeler,TG,Togo,YES,YES
EAZG,En Az Gelişmiş Ülkeler,BJ,Benin,YES,YES
EAZG,En Az Gelişmiş Ülkeler,CF,Central African Republic,YES,YES
EAZG,En Az Gelişmiş Ülkeler,GQ,Equatorial Guinea,YES,YES
EAZG,En Az Gelişmiş Ülkeler,ST,Sao Tome and Principe,YES,YES
EAZG,En Az Gelişmiş Ülkeler,CD,"Congo, The Democratic Republic of t",YES,YES
EAZG,En Az Gelişmiş Ülkeler,RW,Rwanda,YES,YES
EAZG,En Az Gelişmiş Ülkeler,BI,Burundi,YES,YES
EAZG,En Az Gelişmiş Ülkeler,AO,Angola,YES,YES
EAZG,En Az Gelişmiş Ülkeler,ET,Ethiopia,YES,YES
EAZG,En Az Gelişmiş Ülkeler,ER,Eritrea,YES,YES
EAZG,En Az Gelişmiş Ülkeler,DJ,Djibouti,YES,YES
EAZG,En Az Gelişmiş Ülkeler,SO,Somalia,YES,YES
EAZG,En Az Gelişmiş Ülkeler,UG,Uganda,YES,YES
EAZG,En Az Gelişmiş Ülkeler,TZ,"Tanzania, United Republic of",YES,YES
EAZG,En Az Gelişmiş Ülkeler,MZ,Mozambique,YES,YES
EAZG,En Az Gelişmiş Ülkeler,MG,Madagascar,YES,YES
EAZG,En Az Gelişmiş Ülkeler,KM,Comoros,YES,YES
EAZG,En Az Gelişmiş Ülkeler,ZM,Zambia,YES,YES
EAZG,En Az Gelişmiş Ülkeler,MW,Malawi,YES,YES
EAZG,En Az Gelişmiş Ülkeler,LS,Lesotho,YES,YES
EAZG,En Az Gelişmiş Ülkeler,HT,Haiti,YES,YES
EAZG,En Az Gelişmiş Ülkeler,TL,Timor-Leste,YES,YES
EAZG,En Az Gelişmiş Ülkeler,YE,Yemen,YES,YES
EAZG,En Az Gelişmiş Ülkeler,AF,Afghanistan,YES,YES
EAZG,En Az Gelişmiş Ülkeler,BD,Bangladesh,YES,YES
EAZG,En Az Gelişmiş Ülkeler,NP,Nepal,YES,YES
EAZG,En Az Gelişmiş Ülkeler,BT,Bhutan,YES,YES
EAZG,En Az Gelişmiş Ülkeler,MM,Myanmar,YES,YES
EAZG,En Az Gelişmiş Ülkeler,LA,Lao People's Democratic Republic,YES,YES
EAZG,En Az Gelişmiş Ülkeler,KH,Cambodia,YES,YES
EAZG,En Az Gelişmiş Ülkeler,SB,Solomon Islands,YES,YES
EAZG,En Az Gelişmiş Ülkeler,TV,Tuvalu,YES,YES
EAZG,En Az Gelişmiş Ülkeler,KI,Kiribati,YES,YES
EAZG,En Az Gelişmiş Ülkeler,VU,Vanuatu,YES,YES
EAZG,En Az Gelişmiş Ülkeler,WS,Samoa,YES,YES
EAZG,En Az Gelişmiş Ülkeler,TK,Tokelau,YES,YES
EFTA,EFTA STA,FR,France,NO,YES
EFTA,EFTA STA,NL,Netherlands,NO,YES
EFTA,EFTA STA,DE,Germany,NO,YES
EFTA,EFTA STA,IT,Italy,NO,YES
EFTA,EFTA STA,GB,United Kingdom,NO,YES
EFTA,EFTA STA,IE,Ireland,NO,YES
EFTA,EFTA STA,DK,Denmark,NO,YES
EFTA,EFTA STA,GR,Greece,NO,YES
EFTA,EFTA STA,PT,Portugal,NO,YES
EFTA,EFTA STA,ES,Spain,NO,YES
EFTA,EFTA STA,BE,Belgium,NO,YES
EFTA,EFTA STA,LU,Luxembourg,NO,YES
EFTA,EFTA STA,IS,Iceland,YES,YES
EFTA,EFTA STA,NO,Norway,YES,YES
EFTA,EFTA STA,SE,Sweden,NO,YES
EFTA,EFTA STA,FI,Finland,NO,YES
EFTA,EFTA STA,LI,Liechtenstein,YES,YES
EFTA,EFTA STA,AT,Austria,NO,YES
EFTA,EFTA STA,CH,Switzerland,YES,YES
EFTA,EFTA STA,MT,Malta,NO,YES
EFTA,EFTA STA,EE,Estonia,NO,YES
EFTA,EFTA STA,LV,Latvia,NO,YES
EFTA,EFTA STA,LT,Lithuania,NO,YES
EFTA,EFTA STA,PL,Poland,NO,YES
EFTA,EFTA STA,CZ,Czech Republic,NO,YES
EFTA,EFTA STA,SK,Slovakia,NO,YES
EFTA,EFTA STA,HU,Hungary,NO,YES
EFTA,EFTA STA,RO,Romania,NO,YES
EFTA,EFTA STA,BG,Bulgaria,NO,YES
EFTA,EFTA STA,SI,Slovenia,NO,YES
EFTA,EFTA STA,HR,Croatia,NO,YES
EFTA,EFTA STA,MA,Morocco,NO,YES
EFTA,EFTA STA,TN,Tunisia,NO,YES
EFTA,EFTA STA,EG,Egypt,YES,YES
EFTA,EFTA STA,CY,Cyprus,NO,YES
EFTA,EFTA STA,IL,Israel,YES,YES
EFTA,EFTA STA,JO,Jordan,NO,YES
FAR,Faroe STA,FO,Faroe Islands,YES,YES
FAS,Fas STA,FR,France,NO,YES
FAS,Fas STA,NL,Netherlands,NO,YES
FAS,Fas STA,DE,Germany,NO,YES
FAS,Fas STA,IT,Italy,NO,YES
FAS,Fas STA,GB,United Kingdom,NO,YES
FAS,Fas STA,IE,Ireland,NO,YES
FAS,Fas STA,DK,Denmark,NO,YES
FAS,Fas STA,GR,Greece,NO,YES
FAS,Fas STA,PT,Portugal,NO,YES
FAS,Fas STA,ES,Spain,NO,YES
FAS,Fas STA,BE,Belgium,NO,YES
FAS,Fas STA,LU,Luxembourg,NO,YES
FAS,Fas STA,IS,Iceland,NO,YES
FAS,Fas STA,NO,Norway,NO,YES
FAS,Fas STA,SE,Sweden,NO,YES
FAS,Fas STA,FI,Finland,NO,YES
FAS,Fas STA,LI,Liechtenstein,NO,YES
FAS,Fas STA,AT,Austria,NO,YES
FAS,Fas STA,CH,Switzerland,NO,YES
FAS,Fas STA,MT,Malta,NO,YES
FAS,Fas STA,EE,Estonia,NO,YES
FAS,Fas STA,LV,Latvia,NO,YES
FAS,Fas STA,LT,Lithuania,NO,YES
FAS,Fas STA,PL,Poland,NO,YES
FAS,Fas STA,CZ,Czech Republic,NO,YES
FAS,Fas STA,SK,Slovakia,NO,YES
FAS,Fas STA,HU,Hungary,NO,YES
FAS,Fas STA,RO,Romania,NO,YES
FAS,Fas STA,BG,Bulgaria,NO,YES
FAS,Fas STA,SI,Slovenia,NO,YES
FAS,Fas STA,HR,Croatia,NO,YES
FAS,Fas STA,MA,Morocco,YES,YES
FAS,Fas STA,TN,Tunisia,NO,YES
FAS,Fas STA,EG,Egypt,NO,YES
FAS,Fas STA,CY,Cyprus,NO,YES
FAS,Fas STA,JO,Jordan,NO,YES
FIL,Filistin STA,PS,"Palestine, State of",YES,YES
GUR,Gürcistan STA,GE,Georgia,YES,YES
GYU,Gelişme Yolundaki Ülkeler,UA,Ukraine,YES,YES
GYU,Gelişme Yolundaki Ülkeler,AZ,Azerbaijan,YES,YES
GYU,Gelişme Yolundaki Ülkeler,TM,Turkmenistan,YES,YES
GYU,Gelişme Yolundaki Ülkeler,UZ,Uzbekistan,YES,YES
GYU,Gelişme Yolundaki Ülkeler,TJ,Tajikistan,YES,YES
GYU,Gelişme Yolundaki Ülkeler,KG,Kyrgyzstan,YES,YES
GYU,Gelişme Yolundaki Ülkeler,NG,Nigeria,YES,YES
GYU,Gelişme Yolundaki Ülkeler,CG,Congo,YES,YES
GYU,Gelişme Yolundaki Ülkeler,GT,Guatemala,YES,YES
GYU,Gelişme Yolundaki Ülkeler,HN,Honduras,YES,YES
GYU,Gelişme Yolundaki Ülkeler,SV,El Salvador,YES,YES
GYU,Gelişme Yolundaki Ülkeler,NI,Nicaragua,YES,YES
GYU,Gelişme Yolundaki Ülkeler,PA,Panama,YES,YES
GYU,Gelişme Yolundaki Ülkeler,CO,Colombia,YES,YES
GYU,Gelişme Yolundaki Ülkeler,IQ,Iraq,YES,YES
GYU,Gelişme Yolundaki Ülkeler,PK,Pakistan,YES,YES
GYU,Gelişme Yolundaki Ülkeler,IN,India,YES,YES
GYU,Gelişme Yolundaki Ülkeler,MV,Maldives,YES,YES
GYU,Gelişme Yolundaki Ülkeler,LK,Sri Lanka,YES,YES
GYU,Gelişme Yolundaki Ülkeler,TH,Thailand,YES,YES
GYU,Gelişme Yolundaki Ülkeler,VN,Viet Nam,YES,YES
GYU,Gelişme Yolundaki Ülkeler,ID,Indonesia,YES,YES
GYU,Gelişme Yolundaki Ülkeler,PH,Philippines,YES,YES
GYU,Gelişme Yolundaki Ülkeler,CN,China,YES,YES
GYU,Gelişme Yolundaki Ülkeler,NR,Nauru,YES,YES
GYU,Gelişme Yolundaki Ülkeler,TO,Tonga,YES,YES
GYU,Gelişme Yolundaki Ülkeler,FM,"Micronesia, Federated States of",YES,YES
GYU,Gelişme Yolundaki Ülkeler,MH,Marshall Islands,YES,YES
GYU,Gelişme Yolundaki Ülkeler,CK,Cook Islands,YES,YES
GYU,Gelişme Yolundaki Ülkeler,NU,Niue,YES,YES
IRI,İran TTA,IR,"Iran, Islamic Republic of",YES,YES
ISR,Israil STA,FR,France,NO,YES
ISR,Israil STA,NL,Netherlands,NO,YES
ISR,Israil STA,DE,Germany,NO,YES
ISR,Israil STA,IT,Italy,NO,YES
ISR,Israil STA,GB,United Kingdom,NO,YES
ISR,Israil STA,IE,Ireland,NO,YES
ISR,Israil STA,DK,Denmark,NO,YES
ISR,Israil STA,GR,Greece,NO,YES
ISR,Israil STA,PT,Portugal,NO,YES
ISR,Israil STA,ES,Spain,NO,YES
ISR,Israil STA,BE,Belgium,NO,YES
ISR,Israil STA,LU,Luxembourg,NO,YES
ISR,Israil STA,IS,Iceland,NO,YES
ISR,Israil STA,NO,Norway,NO,YES
ISR,Israil STA,SE,Sweden,NO,YES
ISR,Israil STA,FI,Finland,NO,YES
ISR,Israil STA,LI,Liechtenstein,NO,YES
ISR,Israil STA,AT,Austria,NO,YES
ISR,Israil STA,CH,Switzerland,NO,YES
ISR,Israil STA,MT,Malta,NO,YES
ISR,Israil STA,EE,Estonia,NO,YES
ISR,Israil STA,LV,Latvia,NO,YES
ISR,Israil STA,LT,Lithuania,NO,YES
ISR,Israil STA,PL,Poland,NO,YES
ISR,Israil STA,CZ,Czech Republic,NO,YES
ISR,Israil STA,SK,Slovakia,NO,YES
ISR,Israil STA,HU,Hungary,NO,YES
ISR,Israil STA,RO,Romania,NO,YES
ISR,Israil STA,BG,Bulgaria,NO,YES
ISR,Israil STA,SI,Slovenia,NO,YES
ISR,Israil STA,HR,Croatia,NO,YES
ISR,Israil STA,CY,Cyprus,NO,YES
ISR,Israil STA,IL,Israel,YES,YES
ISR,Israil STA,JO,Jordan,NO,YES
KAR,Karadağ STA,FR,France,NO,YES
KAR,Karadağ STA,NL,Netherlands,NO,YES
KAR,Karadağ STA,DE,Germany,NO,YES
KAR,Karadağ STA,IT,Italy,NO,YES
KAR,Karadağ STA,GB,United Kingdom,NO,YES
KAR,Karadağ STA,IE,Ireland,NO,YES
KAR,Karadağ STA,DK,Denmark,NO,YES
KAR,Karadağ STA,GR,Greece,NO,YES
KAR,Karadağ STA,PT,Portugal,NO,YES
KAR,Karadağ STA,ES,Spain,NO,YES
KAR,Karadağ STA,BE,Belgium,NO,YES
KAR,Karadağ STA,LU,Luxembourg,NO,YES
KAR,Karadağ STA,SE,Sweden,NO,YES
KAR,Karadağ STA,FI,Finland,NO,YES
KAR,Karadağ STA,AT,Austria,NO,YES
KAR,Karadağ STA,MT,Malta,NO,YES
KAR,Karadağ STA,EE,Estonia,NO,YES
KAR,Karadağ STA,LV,Latvia,NO,YES
KAR,Karadağ STA,LT,Lithuania,NO,YES
KAR,Karadağ STA,PL,Poland,NO,YES
KAR,Karadağ STA,CZ,Czech Republic,NO,YES
KAR,Karadağ STA,SK,Slovakia,NO,YES
KAR,Karadağ STA,HU,Hungary,NO,YES
KAR,Karadağ STA,RO,Romania,NO,YES
KAR,Karadağ STA,BG,Bulgaria,NO,YES
KAR,Karadağ STA,AL,Albania,NO,YES
KAR,Karadağ STA,SI,Slovenia,NO,YES
KAR,Karadağ STA,HR,Croatia,NO,YES
KAR,Karadağ STA,BA,Bosnia and Herzegovina,NO,YES
KAR,Karadağ STA,MK,North Macedonia,NO,YES
KAR,Karadağ STA,ME,Montenegro,YES,YES
KAR,Karadağ STA,RS,Serbia,NO,YES
KAR,Karadağ STA,CY,Cyprus,NO,YES
KORE,G. Kore STA,KR,"Korea, Republic of",YES,YES
KOS,Kosova Tek Taraflı Taviz,XK,"Kosovo, Republic of",YES,YES
MD,Moldova STA,MD,"Moldova, Republic of",YES,YES
MKE,Makedonya STA,FR,France,NO,YES
MKE,Makedonya STA,NL,Netherlands,NO,YES
MKE,Makedonya STA,DE,Germany,NO,YES
MKE,Makedonya STA,IT,Italy,NO,YES
MKE,Makedonya STA,GB,United Kingdom,NO,YES
MKE,Makedonya STA,IE,Ireland,NO,YES
MKE,Makedonya STA,DK,Denmark,NO,YES
MKE,Makedonya STA,GR,Greece,NO,YES
MKE,Makedonya STA,PT,Portugal,NO,YES
MKE,Makedonya STA,ES,Spain,NO,YES
MKE,Makedonya STA,BE,Belgium,NO,YES
MKE,Makedonya STA,LU,Luxembourg,NO,YES
MKE,Makedonya STA,SE,Sweden,NO,YES
MKE,Makedonya STA,FI,Finland,NO,YES
MKE,Makedonya STA,AT,Austria,NO,YES
MKE,Makedonya STA,MT,Malta,NO,YES
MKE,Makedonya STA,EE,Estonia,NO,YES
MKE,Makedonya STA,LV,Latvia,NO,YES
MKE,Makedonya STA,LT,Lithuania,NO,YES
MKE,Makedonya STA,PL,Poland,NO,YES
MKE,Makedonya STA,CZ,Czech Republic,NO,YES
MKE,Makedonya STA,SK,Slovakia,NO,YES
MKE,Makedonya STA,HU,Hungary,NO,YES
MKE,Makedonya STA,RO,Romania,NO,YES
MKE,Makedonya STA,BG,Bulgaria,NO,YES
MKE,Makedonya STA,AL,Albania,NO,YES
MKE,Makedonya STA,SI,Slovenia,NO,YES
MKE,Makedonya STA,HR,Croatia,NO,YES
MKE,Makedonya STA,BA,Bosnia and Herzegovina,NO,YES
MKE,Makedonya STA,MK,North Macedonia,YES,YES
MKE,Makedonya STA,ME,Montenegro,NO,YES
MKE,Makedonya STA,RS,Serbia,NO,YES
MKE,Makedonya STA,CY,Cyprus,NO,YES
MORIT,Morityus STA,MU,Mauritius,YES,YES
MSR,Mısır STA,FR,France,NO,YES
MSR,Mısır STA,NL,Netherlands,NO,YES
MSR,Mısır STA,DE,Germany,NO,YES
MSR,Mısır STA,IT,Italy,NO,YES
MSR,Mısır STA,GB,United Kingdom,NO,YES
MSR,Mısır STA,IE,Ireland,NO,YES
MSR,Mısır STA,DK,Denmark,NO,YES
MSR,Mısır STA,GR,Greece,NO,YES
MSR,Mısır STA,PT,Portugal,NO,YES
MSR,Mısır STA,ES,Spain,NO,YES
MSR,Mısır STA,BE,Belgium,NO,YES
MSR,Mısır STA,LU,Luxembourg,NO,YES
MSR,Mısır STA,IS,Iceland,NO,YES
MSR,Mısır STA,NO,Norway,NO,YES
MSR,Mısır STA,SE,Sweden,NO,YES
MSR,Mısır STA,FI,Finland,NO,YES
MSR,Mısır STA,LI,Liechtenstein,NO,YES
MSR,Mısır STA,AT,Austria,NO,YES
MSR,Mısır STA,CH,Switzerland,NO,YES
MSR,Mısır STA,MT,Malta,NO,YES
MSR,Mısır STA,EE,Estonia,NO,YES
MSR,Mısır STA,LV,Latvia,NO,YES
MSR,Mısır STA,LT,Lithuania,NO,YES
MSR,Mısır STA,PL,Poland,NO,YES
MSR,Mısır STA,CZ,Czech Republic,NO,YES
MSR,Mısır STA,SK,Slovakia,NO,YES
MSR,Mısır STA,HU,Hungary,NO,YES
MSR,Mısır STA,RO,Romania,NO,YES
MSR,Mısır STA,BG,Bulgaria,NO,YES
MSR,Mısır STA,SI,Slovenia,NO,YES
MSR,Mısır STA,HR,Croatia,NO,YES
MSR,Mısır STA,MA,Morocco,NO,YES
MSR,Mısır STA,TN,Tunisia,NO,YES
MSR,Mısır STA,EG,Egypt,YES,YES
MSR,Mısır STA,CY,Cyprus,NO,YES
MSR,Mısır STA,JO,Jordan,NO,YES
MY,Malezya STA,MY,Malaysia,YES,YES
OTDU,Özel Teşvik Düzenlemesi Ülkeleri,CV,Cape Verde,YES,YES
OTDU,Özel Teşvik Düzenlemesi Ülkeleri,CR,Costa Rica,YES,YES
OTDU,Özel Teşvik Düzenlemesi Ülkeleri,EC,Ecuador,YES,YES
OTDU,Özel Teşvik Düzenlemesi Ülkeleri,PE,Peru,YES,YES
OTDU,Özel Teşvik Düzenlemesi Ülkeleri,BO,Bolivia,YES,YES
OTDU,Özel Teşvik Düzenlemesi Ülkeleri,PY,Paraguay,YES,YES
OTDU,Özel Teşvik Düzenlemesi Ülkeleri,MN,Mongolia,YES,YES
PAAMK,Pan-Avrupa-Akdeniz Menşe Kümülasyonu Sistemi,FR,France,YES,YES
PAAMK,Pan-Avrupa-Akdeniz Menşe Kümülasyonu Sistemi,NL,Netherlands,YES,YES
PAAMK,Pan-Avrupa-Akdeniz Menşe Kümülasyonu Sistemi,DE,Germany,YES,YES
PAAMK,Pan-Avrupa-Akdeniz Menşe Kümülasyonu Sistemi,IT,Italy,YES,YES
PAAMK,Pan-Avrupa-Akdeniz Menşe Kümülasyonu Sistemi,GB,United Kingdom,YES,YES
PAAMK,Pan-Avrupa-Akdeniz Menşe Kümülasyonu Sistemi,IE,Ireland,YES,YES
PAAMK,Pan-Avrupa-Akdeniz Menşe Kümülasyonu Sistemi,DK,Denmark,YES,YES
PAAMK,Pan-Avrupa-Akdeniz Menşe Kümülasyonu Sistemi,GR,Greece,YES,YES
PAAMK,Pan-Avrupa-Akdeniz Menşe Kümülasyonu Sistemi,PT,Portugal,YES,YES
PAAMK,Pan-Avrupa-Akdeniz Menşe Kümülasyonu Sistemi,ES,Spain,YES,YES
PAAMK,Pan-Avrupa-Akdeniz Menşe Kümülasyonu Sistemi,BE,Belgium,YES,YES
PAAMK,Pan-Avrupa-Akdeniz Menşe Kümülasyonu Sistemi,LU,Luxembourg,YES,YES
PAAMK,Pan-Avrupa-Akdeniz Menşe Kümülasyonu Sistemi,IS,Iceland,YES,YES
PAAMK,Pan-Avrupa-Akdeniz Menşe Kümülasyonu Sistemi,NO,Norway,YES,YES
PAAMK,Pan-Avrupa-Akdeniz Menşe Kümülasyonu Sistemi,SE,Sweden,YES,YES
PAAMK,Pan-Avrupa-Akdeniz Menşe Kümülasyonu Sistemi,FI,Finland,YES,YES
PAAMK,Pan-Avrupa-Akdeniz Menşe Kümülasyonu Sistemi,LI,Liechtenstein,YES,YES
PAAMK,Pan-Avrupa-Akdeniz Menşe Kümülasyonu Sistemi,AT,Austria,YES,YES
PAAMK,Pan-Avrupa-Akdeniz Menşe Kümülasyonu Sistemi,CH,Switzerland,YES,YES
PAAMK,Pan-Avrupa-Akdeniz Menşe Kümülasyonu Sistemi,MT,Malta,YES,YES
PAAMK,Pan-Avrupa-Akdeniz Menşe Kümülasyonu Sistemi,EE,Estonia,YES,YES
PAAMK,Pan-Avrupa-Akdeniz Menşe Kümülasyonu Sistemi,LV,Latvia,YES,YES
PAAMK,Pan-Avrupa-Akdeniz Menşe Kümülasyonu Sistemi,LT,Lithuania,YES,YES
PAAMK,Pan-Avrupa-Akdeniz Menşe Kümülasyonu Sistemi,PL,Poland,YES,YES
PAAMK,Pan-Avrupa-Akdeniz Menşe Kümülasyonu Sistemi,CZ,Czech Republic,YES,YES
PAAMK,Pan-Avrupa-Akdeniz Menşe Kümülasyonu Sistemi,SK,Slovakia,YES,YES
PAAMK,Pan-Avrupa-Akdeniz Menşe Kümülasyonu Sistemi,HU,Hungary,YES,YES
PAAMK,Pan-Avrupa-Akdeniz Menşe Kümülasyonu Sistemi,RO,Romania,YES,YES
PAAMK,Pan-Avrupa-Akdeniz Menşe Kümülasyonu Sistemi,BG,Bulgaria,YES,YES
PAAMK,Pan-Avrupa-Akdeniz Menşe Kümülasyonu Sistemi,SI,Slovenia,YES,YES
PAAMK,Pan-Avrupa-Akdeniz Menşe Kümülasyonu Sistemi,HR,Croatia,YES,YES
PAAMK,Pan-Avrupa-Akdeniz Menşe Kümülasyonu Sistemi,MK,North Macedonia,YES,YES
PAAMK,Pan-Avrupa-Akdeniz Menşe Kümülasyonu Sistemi,MA,Morocco,YES,YES
PAAMK,Pan-Avrupa-Akdeniz Menşe Kümülasyonu Sistemi,TN,Tunisia,YES,YES
PAAMK,Pan-Avrupa-Akdeniz Menşe Kümülasyonu Sistemi,EG,Egypt,YES,YES
PAAMK,Pan-Avrupa-Akdeniz Menşe Kümülasyonu Sistemi,CY,Cyprus,YES,YES
PAAMK,Pan-Avrupa-Akdeniz Menşe Kümülasyonu Sistemi,IL,Israel,YES,YES
PAAMK,Pan-Avrupa-Akdeniz Menşe Kümülasyonu Sistemi,JO,Jordan,YES,YES
SIL,Şili STA,CL,Chile,YES,YES
SIN,Singapur STA,SG,Singapore,YES,YES
SRB,Sırbistan STA,FR,France,NO,YES
SRB,Sırbistan STA,NL,Netherlands,NO,YES
SRB,Sırbistan STA,DE,Germany,NO,YES
SRB,Sırbistan STA,IT,Italy,NO,YES
SRB,Sırbistan STA,GB,United Kingdom,NO,YES
SRB,Sırbistan STA,IE,Ireland,NO,YES
SRB,Sırbistan STA,DK,Denmark,NO,YES
SRB,Sırbistan STA,GR,Greece,NO,YES
SRB,Sırbistan STA,PT,Portugal,NO,YES
SRB,Sırbistan STA,ES,Spain,NO,YES
SRB,Sırbistan STA,BE,Belgium,NO,YES
SRB,Sırbistan STA,LU,Luxembourg,NO,YES
SRB,Sırbistan STA,SE,Sweden,NO,YES
SRB,Sırbistan STA,FI,Finland,NO,YES
SRB,Sırbistan STA,AT,Austria,NO,YES
SRB,Sırbistan STA,MT,Malta,NO,YES
SRB,Sırbistan STA,EE,Estonia,NO,YES
SRB,Sırbistan STA,LV,Latvia,NO,YES
SRB,Sırbistan STA,LT,Lithuania,NO,YES
SRB,Sırbistan STA,PL,Poland,NO,YES
SRB,Sırbistan STA,CZ,Czech Republic,NO,YES
SRB,Sırbistan STA,SK,Slovakia,NO,YES
SRB,Sırbistan STA,HU,Hungary,NO,YES
SRB,Sırbistan STA,RO,Romania,NO,YES
SRB,Sırbistan STA,BG,Bulgaria,NO,YES
SRB,Sırbistan STA,AL,Albania,NO,YES
SRB,Sırbistan STA,SI,Slovenia,NO,YES
SRB,Sırbistan STA,HR,Croatia,NO,YES
SRB,Sırbistan STA,BA,Bosnia and Herzegovina,NO,YES
SRB,Sırbistan STA,MK,North Macedonia,NO,YES
SRB,Sırbistan STA,ME,Montenegro,NO,YES
SRB,Sırbistan STA,RS,Serbia,YES,YES
SRB,Sırbistan STA,CY,Cyprus,NO,YES
SUR,Suriye STA,SY,Syrian Arab Republic,YES,YES
TNS,Tunus STA,FR,France,NO,YES
TNS,Tunus STA,NL,Netherlands,NO,YES
TNS,Tunus STA,DE,Germany,NO,YES
TNS,Tunus STA,IT,Italy,NO,YES
TNS,Tunus STA,GB,United Kingdom,NO,YES
TNS,Tunus STA,IE,Ireland,NO,YES
TNS,Tunus STA,DK,Denmark,NO,YES
TNS,Tunus STA,GR,Greece,NO,YES
TNS,Tunus STA,PT,Portugal,NO,YES
TNS,Tunus STA,ES,Spain,NO,YES
TNS,Tunus STA,BE,Belgium,NO,YES
TNS,Tunus STA,LU,Luxembourg,NO,YES
TNS,Tunus STA,IS,Iceland,NO,YES
TNS,Tunus STA,NO,Norway,NO,YES
TNS,Tunus STA,SE,Sweden,NO,YES
TNS,Tunus STA,FI,Finland,NO,YES
TNS,Tunus STA,LI,Liechtenstein,NO,YES
TNS,Tunus STA,AT,Austria,NO,YES
TNS,Tunus STA,CH,Switzerland,NO,YES
TNS,Tunus STA,MT,Malta,NO,YES
TNS,Tunus STA,EE,Estonia,NO,YES
TNS,Tunus STA,LV,Latvia,NO,YES
TNS,Tunus STA,LT,Lithuania,NO,YES
TNS,Tunus STA,PL,Poland,NO,YES
TNS,Tunus STA,CZ,Czech Republic,NO,YES
TNS,Tunus STA,SK,Slovakia,NO,YES
TNS,Tunus STA,HU,Hungary,NO,YES
TNS,Tunus STA,RO,Romania,NO,YES
TNS,Tunus STA,BG,Bulgaria,NO,YES
TNS,Tunus STA,SI,Slovenia,NO,YES
TNS,Tunus STA,HR,Croatia,NO,YES
TNS,Tunus STA,MA,Morocco,NO,YES
TNS,Tunus STA,TN,Tunisia,YES,YES
TNS,Tunus STA,EG,Egypt,NO,YES
TNS,Tunus STA,CY,Cyprus,NO,YES
TNS,Tunus STA,JO,Jordan,NO,YES
URD,Ürdün STA,FR,France,NO,YES
URD,Ürdün STA,NL,Netherlands,NO,YES
URD,Ürdün STA,DE,Germany,NO,YES
URD,Ürdün STA,IT,Italy,NO,YES
URD,Ürdün STA,GB,United Kingdom,NO,YES
URD,Ürdün STA,IE,Ireland,NO,YES
URD,Ürdün STA,DK,Denmark,NO,YES
URD,Ürdün STA,GR,Greece,NO,YES
URD,Ürdün STA,PT,Portugal,NO,YES
URD,Ürdün STA,ES,Spain,NO,YES
URD,Ürdün STA,BE,Belgium,NO,YES
URD,Ürdün STA,LU,Luxembourg,NO,YES
URD,Ürdün STA,IS,Iceland,NO,YES
URD,Ürdün STA,NO,Norway,NO,YES
URD,Ürdün STA,SE,Sweden,NO,YES
URD,Ürdün STA,FI,Finland,NO,YES
URD,Ürdün STA,LI,Liechtenstein,NO,YES
URD,Ürdün STA,AT,Austria,NO,YES
URD,Ürdün STA,CH,Switzerland,NO,YES
URD,Ürdün STA,MT,Malta,NO,YES
URD,Ürdün STA,EE,Estonia,NO,YES
URD,Ürdün STA,LV,Latvia,NO,YES
URD,Ürdün STA,LT,Lithuania,NO,YES
URD,Ürdün STA,PL,Poland,NO,YES
URD,Ürdün STA,CZ,Czech Republic,NO,YES
URD,Ürdün STA,SK,Slovakia,NO,YES
URD,Ürdün STA,HU,Hungary,NO,YES
URD,Ürdün STA,RO,Romania,NO,YES
URD,Ürdün STA,BG,Bulgaria,NO,YES
URD,Ürdün STA,SI,Slovenia,NO,YES
URD,Ürdün STA,HR,Croatia,NO,YES
URD,Ürdün STA,MA,Morocco,NO,YES
URD,Ürdün STA,TN,Tunisia,NO,YES
URD,Ürdün STA,EG,Egypt,NO,YES
URD,Ürdün STA,CY,Cyprus,NO,YES
URD,Ürdün STA,IL,Israel,NO,YES
URD,Ürdün STA,JO,Jordan,YES,YES
