00000,ITEM IS USED TO LOAD PROPORTIONALS FOR ITEMS
0002,"FRUIT (DRY, FRESH)"
0003,"FOODSTUFFS (EXCLUDING CAVIAR, HATCHING EGGS), SPICES, BEVERAGES"
0006,"FOODSTUFFS, SPICES, BEVERAGES"
0007,"FRUIT, VEGETABLES"
0008,"FRUIT, VEGETABLES - FRESH -"
0009,"FOODSTUFFS (EXCLUDING STRAWBERRIES), SPICES, BEVERAGES"
0010,INFANT FOOD
0011,"FOODSTUFFS, BEVERAGES - DESTINED TO EMBASSIES/CONSULATES/LEGATIONS -"
0012,"FOODSTUFFS (EXCLUDING MEAT, FISH, SEAFOOD), SPICES, BEVERAGES"
0014,FRUITS AND VEGETABLES EXCL. BANANAS
0016,"FRUIT (EXCLUDING STRAWBERRIES), VEGETABLES"
0017,"TUBERS, EARTH NUTS"
0018,"ASPARAGUS, MARACUYA"
0020,NUTS
0023,"HOT PEPPERS, EGGPLANTS"
0024,"AVOCADOS, PINEAPPLES, PAPAYA, MELONS, TAMARIND, CHAYOTE"
0025,"AVOCADOS, PINEAPPLES"
0027,"MANGOES, MELONS, PINEAPPLES, UCHUVAS"
0029,"MELONS, PERSIMMONS AND CITRUS FRUITS"
0030,"BEANS, CORN AND CAPSICUMS"
0037,KOLA NUTS
0055,CANDY
0056,CHOCOLATE MANUFACTURES
0059,"CHOCOLATE MANUFACTURES, CANDIES, WAFER BISCUITS"
0060,"CONFECTIONARY, DESSERTS"
0070,CHEWING-GUM
0075,HONEY
0110,BEVERAGES
0113,MINERAL WATER
0129,"SPIRITS, LIQUORS, WINES, BEERS"
0130,WINES
0180,COFFEE
0183,"COFFEE (ROASTED, GROUND)"
0185,TEA
0186,TEA (INSTANT)
0190,"BEVERAGES, SYRUPS, FLAVOURS"
0192,FRUIT JUICES
0194,"EXTRACTS, FLAVOURING COMPOUNDS"
0200,"DAIRY PRODUCTS, EGGS"
0201,DAIRY PRODUCTS (EXCLUDING EGGS)
0203,MILK (FRESH)
0210,BUTTER
0220,CHEESE
0230,EGGS
0246,"ICE CREAM, FROZEN CONFECTION"
0300,"FISH (EDIBLE), SEAFOOD"
0301,"FISH (EDIBLE), SEAFOOD (EXCLUDING CAVIAR)"
0302,SEAFOOD
0304,SEA URCHIN / PROCESSED
0305,SEA URCHIN
0306,"FISH, FISH PRODUCTS"
0307,FISH (PROCESSED)
0308,FISH (SMOKED)
0309,SHELLFISH
0310,"CLAMS, OYSTERS, SCALLOPS"
0311,COCKLES
0314,ABALONE
0315,"CRABS, CRAWFISH, LOBSTERS"
0316,CRABS
0318,TILAPIA
0319,MAHI MAHI
0320,EEL
0323,TUNA (FRESH)
0324,"FISH (EDIBLE/EXCLUDING LOBSTERS, SCALLOPS)"
0326,FISH (EDIBLE)
0330,FISH ROE
0334,FISH GUT (DRIED)
0335,FROGS
0340,SALMON
0355,SNAPPER
0356,"FISH, CRABS, SHRIMPS - EDIBLE -"
0370,SHARK FINS
0380,"SHRIMPS, PRAWNS"
0382,SHRIMPS AND/OR PRAWNS
0384,"SHRIMPS, PRAWNS, LOBSTERS"
0385,TURTLES
0386,LOBSTERS
0400,"BERRIES, MELONS"
0401,BERRIES
0410,FRUIT (EXCLUDING MELONS)
0413,FRUIT(FRESH)
0420,BANANAS
0422,"LIMES, LEMONS"
0445,GRAPES
0456,KIWIFRUIT
0460,MANGOES
0461,DATES
0462,OLIVES
0477,CHERRIES
0485,PINEAPPLES
0486,PAPAYAS
0487,"PAPAYAS, PINEAPPLES"
0494,RASPBERRIES
0495,STRAWBERRIES
0497,INDIAN SWEETMEATS
0509,FLOUR
0510,BAKERY PRODUCTS
0514,PASTRY DOUGH
0515,BREAD
0521,FRUIT CAKES
0552,CEREAL FOODS (READY TO EAT)
0600,"MEAT, INCL. SLAUGHTERED POULTRY AND GAME"
0601,MEAT (FRESH OR FROZEN)
0602,"MEAT, SAUSAGES, BOLOGNA, FRANKFURTERS"
0603,"MEAT, SEAFOOD"
0605,"MEAT (EXCLUDING SLAUGHTERED POULTRY, GAME)"
0606,PATE DE FOIE GRAS
0630,"LAMB, MUTTON"
0640,"POULTRY, GAME"
0645,LIVER (RAW)
0650,MEAT FRESH FROZEN INCLUDING HORSE MEAT AND POULTRY
0651,"PORK, CHICKEN - CHILLED OR FROZEN -"
0655,BACON
0670,HORSE MEAT
0700,"ROOTS, SPICES"
0702,"SPICES, SPICE EXTRACTS EXCLUDING SAFFRON"
0728,CARDAMOM
0737,ASAFOETIDA
0750,BIRDEYE CHILLIES (DRIED)
0751,GINGER
0800,VEGETABLES
0801,ARTICHOKES
0802,BROCCOLI
0803,LETTUCE
0805,ASPARAGUS
0807,"YAMS, COCOYAMS, PLANTAINS"
0810,BEANS
0838,"ENDIVES, CELERY"
0850,"MUSHROOMS, MUSHROOM SPAWN"
0866,TAROS
0880,TOMATOES
0885,SOUPS
0898,YEAST - INACTIVE
0899,YEAST
0901,COOKING FAT
0986,VITAMINS FOR ANIMAL FOOD
1000,LIVESTOCK
1001,"LIVE ANIMALS, SPECIFICALLY DOGS, CATS, BABY CHICKS,BABY TURKEYS AND DUCKLINGS, SMALL DOMESTIC BIRDS, AND OTHER ANIMALS WITH ADVANCE APPROVAL OF CARRIER."
1021,GREYHOUNDS
1022,DEER
1024,"FISH (LIVE, INEDIBLE), CORAL, WEED, FISH FOOD"
1026,"FISH, LIVE, INEDIBLE"
1040,HARES
1050,HORSES
1051,HORSE(S)/STALL (NOT EXCEEDING 3 HORSES)
1052,SHEEP
1053,CATTLE
1054,GOATS
1059,TUBIFEX WORMS
1061,BEES
1072,TURTLES
1074,PIGS
1080,POULTRY
1081,BABY POULTRY
1082,HATCHING EGGS
1084,TURKEY HATCHING EGGS
1091,SNAILS
1093,WORMS
1100,"FURS, HIDES, SKINS EXCLUDING WEARING APPAREL"
1101,"HIDES, SKINS - UNDRESSED - FURS EXCLUDING MANUFACTURES, NUTRIA/REPTILE SKINS"
1102,FUR PLATES (MADE FROM SEWN SCRAPS)
1103,"FURS, FUR WEARING APPAREL, SKINS"
1125,"LAMB SKINS, KID SKINS, SHEEP SKINS, GOAT SKINS EXCLUDING WEARING APPAREL"
1150,FUR SCRAPS
1164,"CATTLE HIDES, SHEEP SKINS, GOAT SKINS"
1188,"CARACUL, ASTRAKHAN SKINS"
1190,REPTILE SKINS
1194,CROCODILE SKINS (WET/SALTED)
1195,"FURS, HIDES, SKINS EXCLUDING MINK, WEARING APPAREL"
1196,NUTRIA SKINS
1198,"LEATHER, HIDES AND SKINS - EXCLUDING FURS AND PELTS"
1200,"LEATHER, LEATHER PRODUCTS EXCLUDING WEARING APPAREL"
1201,"LEATHER, LEATHER PRODUCTS"
1204,"LEATHER (TANNED, DYED, FINISHED, SEMIFINISHED, CUT TO SHAPE)"
1205,LEATHER (UNMANUFACTURED)
1206,SHOE LEATHER (ALONE OR TOGETHER WITH OTHER SHOE MANUFACTURING MATERIALS)
1207,"LEATHER, HIDES, SKINS EXCLUDING WEARING APPAREL, FURS"
1210,"LEATHER, LEATHER PRODUCTS EXCLUDING SPORTING GOODS"
1211,"LEATHER, HIDES, SKINS - TANNED, PROCESSED -"
1213,"FURS, HIDES, SKINS - UNDRESSED/INCLUDING SEMIFINISHED MANUFACTURES -"
1214,"TANNED AND/OR PROCESSED LEATHER, SYNTHETIC LEATHER CUT TO SHAPE, INCLUDING FINISHED PRODUCTS AND ARTICLES MADE FROM THESE MATERIALS"
1215,"HIDES, SKINS - INCLUDING PRODUCTS THEREOF -"
1231,"HANDBAGS, POCKETBOOKS, WALLETS, PURSES"
1234,"HANDBAGS, BELTS - MADE OF LEATHER -"
1237,LEATHER (EXCLUDING NUTRIA SKINS/REPTILE SKINS/ MANUFACTURES)
1238,"BAGS, BALLS, BELTS, BILLFOLDS, HANDBAGS, SUITCASES,ATTACHE CASES, POCHETTES, PURSES, WALLETS, HARNESS,SADDLERY - MADE OF LEATHER -"
1251,"CAR SEAT COVERS, RUGS - MADE OF HIDE OR SHEEPSKIN -"
1295,"BAGS, BELTS, BILLFOLDS, BRUSHES, CASES, PURSES, WALLETS, WATCHBANDS/WATCH STRAPS - MADE PARTLY OF LEATHER/INCLUDING FRAMES, CLASPS, FASTENERS -, MANICURE SETS, MAKE-UP KITS, SHOESHINE KITS, TOILET KITS, SEWING KITS, BRUSH SETS, DRINKING KITS, FLASK KITS, FIRST AID KITS, SHAVING KITS EXCLUDING ELECTRICALLY OPERATED ARTICLES"
1352,GUM ARABIC
1353,FRANKINCENSE AND GUMS
1400,"FLORAL STOCK, NURSERY STOCK, BULBS, FLOWERS, SEEDS, TUBERS"
1401,"FLORAL STOCK, NURSERY STOCK, BULBS, SEEDS, PLANTS, FLOWERS"
1402,"FLORAL STOCK, NURSERY STOCK - EXCLUDING CUT FLOWERS - BULBS, SEEDS, TUBERS"
1403,"CUT FLOWERS, FOLIAGE, CUTTINGS"
1409,"BULBS, TUBERS"
1411,ROSE PETALS
1420,FLOWERS
1421,"CUT FLOWERS, FOLIAGE, INCLUDING MIMOSA"
1429,ORCHIDS
1430,CUT FLOWERS (EXCLUDING ORCHIDS)
1436,"CARNATION CUTTINGS, CHRYSANTHEMUM CUTTINGS, GLADIOLI"
1471,FERN
1472,YUCA CUTTINGS
1475,PLANTS
1476,PLANTS (EXCLUDING ORCHIDS)
1477,TROPICAL PLANTS (EXCLUDING CUT FLOWERS)
1479,"SEEDS, PLANTS"
1480,"TROPICAL PLANTS, SEEDS"
1485,SEEDS
1499,"FLOWERS, PLANTS"
1500,"HERBS, LEAVES - INCLUDING PRODUCTS THEREOF -"
1503,HENNA (DRIED)
1526,PEPPER STEMS
1535,BETEL LEAVES
1550,"TOBACCO, TOBACCO PRODUCTS"
1563,"CIGARETTES, CIGARS AND/OR TOBACCO"
1700,"OILS (ANIMAL, VEGETABLE)"
1701,OLIVE OIL
1716,ESSENTIAL OILS
1728,OIL COMPOUNDS (FOR PAINT)
1904,BEESWAX
1915,BRISTLES
1923,STOMACH (DRIED)
1925,"CASINGS (MADE OF ANIMAL INTESTINES, GUT)"
1931,GLANDS (ANIMAL)
1950,"FEATHERS, FEATHER TRIMMINGS"
1951,FEATHERS (OSTRICH)
1970,"SEA-FLORA, SHELLS"
1980,SPONGES (NATURAL)
1981,SPONGES (ARTIFICIAL)
1983,CORAL
1993,ANIMAL HUNTING TROPHIES (EXCLUDING IVORY)
2001,"YARN, THREAD, FIBRES, TEXTILE MANUFACTURES"
2002,"YARN, THREAD, FIBRES"
2020,"COTTON, YARN, THREAD"
2090,"WOOL, YARN, THREAD"
2102,"CLOTH (NOT FURTHER PROCESSED OR MANUFACTURED/EXCLUSIVELY IN BALES, BOLTS, PIECES)"
2104,"VISCOSE CLOTH (NOT FURTHER PROCESSED OR MANUFACTURED/EXCLUSIVELY IN BALES, BOLTS, PIECES)"
2144,"PLASTIC COATED FABRICS (NOT FURTHER PROCESSED OR MANUFACTURED/EXCLUSIVELY IN BALES, BOLTS, PIECES)"
2162,PIECE GOODS (MADE OF NYLON)
2183,BATIK TEXTILES
2189,"SHEEP SKIN COATS, OVERCOATS, HATS, SLIPPERS, - HANDMADE -"
2192,"A: YARN, THREAD, FIBRES, CLOTH TEXTILE FABRICS, DRAWNWORK, NEEDLEWORK, EMBROIDERIES, TULLE, LACE - NOT FURTHER PROCESSED OR MANUFACTURED/ EXCLUSIVELY IN BALES, BOLTS, PIECES -
B: BED SHEETS, PILLOW CASES, BLANKETS, TABLE LINEN, CURTAINS, CARPETING, BRAIDS, CLOTH LABELS, ENDLESS BELTS, HANDKERCHIEFS, HAT BODIES, LACING, RIBBONS, TOWELS, WASHCLOTHS, BATHMATS, TOILET SEAT COVERS, TRIMMINGS, WEBBING, SHOULDER PADS - MADE OF TEXTILES - EXCLUDING WEARING APPAREL"
2194,"YARN, THREAD, TEXTILE MANUFACTURES, WEARING APPAREL EXCLUDING FOOTWEAR, LEATHER MANUFACTURES"
2195,"A: YARN, THREAD, FIBRES, CLOTH - NOT FURTHER PROCESSED OR MANUFACTURED/EXCLUSIVELY IN BALES, BOLTS, PIECES -
B: WEARING APPAREL, TEXTILE MANUFACTURES"
2197,"YARN, THREAD, FIBRES, CLOTH - NOT FURTHER PROCESSED OR MANUFACTURED/EXCLUSIVELY IN BALES, BOLTS, PIECES -"
2198,"A: YARN, THREAD, FIBRES, TEXTILES,
B: TEXTILE MANUFACTURES (EXCLUDING WEARING APPAREL)"
2199,"A: YARN, THREAD, FIBRES, TEXTILES,
B: TEXTILE MANUFACTURES
C: WEARING APPAREL"
2200,WEARING APPAREL
2203,"WEARING APPAREL (EXCLUDING UMBRELLAS, BILLFOLDS, PURSES, CARRYING CASES, HANDBAGS, COSTUME JEWELRY, JEWELRY, CANES, WATCHES)"
2204,CLOTHING AND WEARING APPAREL EXCLUDING LEATHER MANUFACTURES
2205,"A: EYELETS, PRESS FASTENERS, RIVETS, BUCKLES, STUDS, POST CAPS, DYES, SOCKETS, SEW-ON-BUTTONS
B: ELECTRIC ATTACHING MACHINE"
2206,"WEARING APPAREL, SHOE LACES, HOOKS, SNAPS, BUTTONS, BUCKLES, ZIP-FASTENERS EXCLUDING FURS, SKINS, BILLFOLDS, CASES, HANDBAGS, PURSES, CANES, UMBRELLAS, COSTUME JEWELRY, JEWELRY, WATCHES"
2207,"WEARING APPAREL, SHOE LACES, HOOKS, SNAPS, BUTTONS,BUCKLES, ZIP-FASTENERS EXCLUDING FOOTWEAR, FURS, SKINS, BILLFOLDS, CASES, HANDBAGS, PURSES, CANES, UMBRELLAS, COSTUME JEWELRY, JEWELRY, WATCHES"
2211,"YARN, THREAD, FIBRES - NOT FURTHER PROCESSED OR MANUFACTURED/EXCLUSIVELY IN BALES, BOLTS, PIECES -,WEARING APPAREL, TEXTILE MANUFACTURES"
2214,"TROUSERS, SHIRTS"
2215,"CLOTH, LADIES CUT DRESSES, SEMI-FINISHED CLOTHING -INCLUDING DRESSMAKING SUPPLIES"
2218,"DRESSES (LADIES, FINISHED)"
2222,"TERRY CLOTH, TERRY ARTICLES"
2234,WEARING APPAREL (FUR/LEATHER)
2243,"OVERCOATS, JACKETS, SKIRTS, SHIRTS, WAISTCOATS, TROUSERS - MADE OF LEATHER -"
2292,"BLOUSES, JACKETS, JEANS, SKIRTS, TROUSERS, WAISTCOATS - MADE OF COTTON -"
2306,"CORSETS, GIRDLES, BRASSIERES"
2309,CHILDRENS WEARING APPAREL
2311,"WEARING APPAREL, TEXTILE MANUFACTURES - ON HANGERS -"
2332,"GLOVES, MITTENS"
2350,HATS
2360,"STOCKINGS, ANKLETS, PEDS, SOCKS"
2367,"HOSE, PANTYHOSE"
2408,"SHIRTS, BLOUSES, UNDERWEAR"
2415,SHOES
2420,"SHOES, SLIPPERS"
2426,"SOLES (FOR SHOES, SLIPPERS)"
2451,WOOLLEN KNITTED SWEATERS AND DRESSES
2452,"PULLOVERS, CARDIGANS"
2455,WEARING APPAREL (KNITTED)
2461,"UNDERWEAR, SWIMWEAR, BODY SUPPORTING GARMENTS"
2500,"DRAWNWORK, NEEDLEWORK, EMBROIDERIES, LACE"
2600,TEXTILE ARTICLES (FINISHED/EXCLUDING WEARING APPAREL)
2627,GAS MANTLES
2700,"HAIR, HAIR MANUFACTURES"
2741,"TOUPEES, WIGS, SWITCHES, FALSE EYELASHES"
2811,"BLANKETS, BED SHEETS, BEDSPREADS, PILLOW-CASES, MOSQUITO NETS, TOWELS"
2865,"CARPETS, RUGS"
2920,CANVAS ARTICLES
2949,"CLOTH BLANKETS, CLOTH SLEEPING BAGS"
3002,"METAL INGOTS, METAL GRAIN (SEMI-FINISHED), SHEET, FOIL, POWDER, SPONGE, WIRE, ROD, TUBE, CIRCLES, CASTINGS EXCLUDING GOLD, PLATINUM, PLATINUM ALLOYS"
3004,WIRE CLOTH
3011,"PLATINOID MINERAL CONCENTRATES, MATTE"
3015,"SILVER BULLION, SILVER INGOTS, SILVER SPECIE - SEMI-FINISHED -, SILVER (IN GRAIN, SHEET, FOIL, POWDER, SPONGE, WIRE, ROD, TUBE, CIRCLES, CASTINGS)"
3025,"METAL WARES (EXCLUDING GOLD, PLATINUM, PLATINUM MATERIALS)"
3030,COPPER MANUFACTURES
3032,"COPPER (IN SLABS, SEMI-FINISHED PRODUCTS, PLATES, SHEETS, WIRE, ROD, TUBE, CIRCLES, CASTINGS)"
3034,COPPER ORE
3038,"COPPER WIRE, COPPER CABLE"
3050,BRASS MANUFACTURES
3060,ALUMINUM MANUFACTURES
3075,"EXTRUSIONS, HONEYCOMB SHEETS, SHEETS, FOIL, PLATES, TUBES, RODS, WIRE, BARS, MESH, SCREEN, STEEL SCREEN MESH - MADE OF ALUMINUM, ALUMINUM ALLOYS -"
3100,CUTLERY
3101,"CUTLERY, FORKS, SPOONS EXCLUDING SILVERWARE"
3127,"RAZORS, RAZOR BLADES"
3150,"TABLE FLATWARE, BRONZEWARE"
3153,"ELECTROPLATED NICKEL SILVERWARE, TABLEWARE, TROPHIES, CUPS, SHIELDS, MEDALS"
3206,"LAWN SPRINKLERS, PISTOL NOZZLES/CONNECTORS, BASES USED FOR SPRINKLING EQUIPMENT"
3236,DRILL BITS
3300,HARDWARE
3321,"BUILDING MATERIALS, FIXTURES, FITTINGS EXCLUDING TOOLS"
3341,BATHROOM SHOWER SETS
3400,"HOUSEHOLD UTENSILS, TABLE UTENSILS, KITCHEN UTENSILS, HOSPITAL UTENSILS"
3404,"TABLE UTENSILS, KITCHEN UTENSILS - MADE OF STAINLESS STEEL - EXCLUDING MACHINERY, ELECTRIC EQUIPMENT"
3409,"KITCHEN UTENSILS, TABLE UTENSILS, VASES, EXCLUDING ELECTRIC EQUIPMENT"
3411,METAL KITCHENWARE
3501,"DOOR LOCKS, HANDLES"
3503,"PUMPING FIXTURES, PIPE FIXTURES"
3504,HARDWARE FOR FURNITURE
3574,"PARTS FOR REFRIGERATORS, PARTS FOR COOKERS"
3890,COBALT
3895,"ORE (EXCLUDING GOLD, SILVER, PLATINUM)"
3896,SILVER ORE
3900,METAL PRODUCTS (MISCELLANEOUS)
3963,"MOULDS, DYES"
3969,LOCKS
3991,"CABLE, MESH, RIVETS, SHEETS, TUBINGS, WIRE, RODS, CIRCLES - MADE OF METAL - EXCLUDING GOLD, SILVER, PLATINUM, PLATINUM METALS"
4010,"BUSINESS MACHINERY, OFFICE MACHINERY - INCLUDING SUPPLIES -, MACHINERY, TOOLS, SURFACE VEHICLES (EXCLUDING STEAMSHIP MACHINERY, MOTORSHIP MACHINERY SPARE PARTS)"
4105,AIRCRAFT
4107,HELICOPTER SPARES
4108,AIRCRAFT PARTS (EXCLUDING AIRCRAFT ENGINES)
4109,"AIRCRAFT ENGINES, AIRCRAFT PARTS (EXCLUDING TAIL ASSEMBLIES, STABILIZERS, STABILATORS, FUSELAGES, WINGS)"
4110,"AIRCRAFT ENGINES, AIRCRAFT PARTS (EXCLUDING FUSELAGES, WINGS)"
4112,"AIRCRAFT ENGINES, AIRCRAFT PARTS (INCLUDING ACCESSORIES) EXCLUDING OVERHAUL TOOLS, MAINTENANCE TOOLS, SUPPLIES, FUSELAGES, WINGS"
4119,AIRCRAFT PARTS
4123,AIRCRAFT PARTS (INCLUDING ACCESSORIES)
4181,OUTBOARD MOTORS (INCLUDING ACCESSORIES)
4200,"PARTS OF AGRICULTURAL MACHINES, PARTS OF RAILWAY CARS, PARTS OF AUTOMOBILES, PARTS OF MOTORSCOOTERS,PARTS OF MOTORCYLES, PARTS OF BICYCLES, PARTS OF MOTOR SLEIGHS, LAMPSHIELDS, HORNS, SIRENS, VISORS, SPOTLAMPS, FLASHING LIGHTS, WHEELCAPS, MIRRORS, ASHTRAYS, FLOOR MATS, STEERING WHEEL COVERS, INSTRUMENT SETS, INSTRUMENT PANELS, KEYLESS IGNITION SWITCHES, SAFETY LOCKS, JACKS, WINDSHIELD WASHERS, AIR CONDITIONERS, SEAT BELTS, SEAT COVERS, TYRE CHAINS, TYRE STUDS, PETROL CAPS, BUMPER GUARDS, LUGGAGE RACKS, SKI RACKS, BACK RESTS, BABY SEATS, HEAD CUSHIONS, AUTOMOBILE LIGHTERS, WIND DEFLECTORS"
4201,"SURFACE VEHICLES (EXCLUDING STEAMSHIP PARTS, MOTORSHIP PARTS)"
4203,"SURFACE VEHICLES (INCLUDING ACCESSORIES) EXCLUDING STEAMSHIP PARTS, MOTORSHIP PARTS, AGRICULTURAL MACHINE PARTS, RAILWAY CAR PARTS"
4206,SURFACE VEHICLE PARTS EXCLUDING STEAMSHIP AND/OR MOTORSHIP MACHINE PARTS
4209,"SURFACE VEHICLES, SELF-PROPELLED AGRICULTURAL MACHINERY - INCLUDING ACCESSORIES - EXCLUDING STEAMSHIP PARTS, MOTORSHIP PARTS"
4211,"PARTS OF AUTOMOBILES (INCLUDING ACCESSORIES), AUTOMOBILE REPAIR EQUIPMENT"
4214,AUTOMOBILES
4228,"MOTORCYCLES, MOTORSCOOTERS, BICYCLES - BOXED -"
4232,"PARTS OF AUTOMOBILES (INCLUDING ACCESSORIES), MOTORSCOOTERS, MOTORCYCLES, BICYCLES, AGRICULTURAL MACHINES"
4235,"MOTORSCOOTERS, MOTORCYCLES, CYCLES, PARTS OF SURFACE VEHICLES (INCLUDING ACCESSORIES), PARTS OF SELF-PROPELLED AGRICULTURAL MACHINERY (INCLUDING ACCESSORIES) EXCLUDING STEAMSHIP PARTS, MOTORSHIP PARTS"
4242,AUTOMOBILE TEMPERATURE GAUGES
4246,BRAKE LININGS
4248,FANBELTS
4266,PARTS FOR SPORTING BOATS (INCLUDING ACCESSORIES)
4291,FILTERS FOR AGRICULTURAL MACHINES
4300,OFFICE MACHINERY
4302,"DATA PROCESSING EQUIPMENT, OFFICE MACHINERY, - INCLUDING ACCESSORIES, SUPPLIES -"
4303,"ELECTRONIC DATA STORAGE PROCESSING MACHINES, DIGITAL COMPUTERS, ANALOG COMPUTERS, ADDING MACHINES, CALCULATING MACHINES, MACHINES FOR DUPLICATING DOCUMENTS, TYPEWRITERS"
4304,PHOTO-TYPESETTING MACHINES
4306,COMPUTERS - INCLUDING ACCESSORIESAND PARTS THEREOF
4309,"ADDING MACHINES, CALCULATING MACHINES, CASH REGISTERS, MACHINES FOR DUPLICATING DOCUMENTS, TYPEWRITERS EXCLUDING ELECTRONIC DATA STORAGE-PROCESSING MACHINES, DIGITAL COMPUTERS, ANALOG COMPUTERS - INDIVIDUAL UNITS -"
4311,"ADDING MACHINES, COMPUTING MACHINES, TYPEWRITING MACHINES, DOCUMENT/LETTER DUPLICATING MACHINES"
4312,"ADDING MACHINES, CALCULATING MACHINES, CASH REGISTERS, MACHINES FOR DUPLICATING DOCUMENTS, TYPEWRITERS, ELECTRONIC DATA STORAGE-PROCESSING MACHINES, DIGITAL COMPUTERS, ANALOG COMPUTERS - INCLUDING INDIVIDUAL UNITS, PUNCH CARDS, TAPE -"
4313,"COMPUTER PUNCH CARDS, COMPUTER DATA SHEETS"
4314,"ELECTRONIC COMPONENTS (FABRICATED FOR ELECTRONIC COMPUTERS, AUXILIARY MACHINES)"
4315,MAGNETIC TAPES FOR DATA STORAGE
4316,"ELECTRONIC COMPUTERS, MACHINES FOR ACCOUNTING, BOOKKEEPING, CALCULATING, DATA PROCESSING - ALL OPERATED IN CONJUCTION WITH PUNCHED CARDS, TAPE - CARD PUNCHING MACHINES, CHECKING MACHINES (FOR PUNCHED CARDS), CONVERTERS (TAPE TO CARD, CARD TO TAPE, TELETYPE-TAPE TO CARD, CARD TO TELETYPETAPE), PUNCHED CARD MACHINES FOR COLLATING, INTERPOLATING, INTERPRETING, LISTING, MULTIPLYING, POSTING, REPRODUCING, SORTING, TABULATING AND VERIFYING"
4317,"PUNCH CARDS, TAPE, DATA SHEETS, DATA DISCS - FOR ELECTRONIC DATA STORAGE-PROCESSING MACHINES, DIGITAL COMPUTERS, ANALOG COMPUTERS -"
4318,"ADDING MACHINES, CALCULATING MACHINES, CASH REGISTERS, MACHINES FOR DUPLICATING DOCUMENTS, TYPEWRITERS (INCLUDING TYPEWRITER RIBBONS, TYPEWRITER TAPES)"
4319,"ELECTRONIC DATA STORAGE-PROCESSING MACHINES, DIGITAL COMPUTERS, ANALOG COMPUTERS - INDIVIDUAL UNITS - PUNCH CARDS, TAPE"
4321,TYPEWRITERS
4322,PHOTOCOPYING MACHINES (INCLUDING ACCESSORIES SUPPLIES)
4323,ELECTRONIC PRODUCTS (INCLUDING COMPONENTS)
4324,PRINTER FOR PERSONAL COMPUTER
4326,"DIGITAL COMPUTERS, ANALOG COMPUTERS - INCLUDING PUNCH CARDS, DISC PACKS, TAPES -, ELECTRONIC DATA STORAGE-PROCESSING MACHINES, MACHINES FOR DUPLICATING DOCUMENTS, TYPEWRITERS - INCLUDING OPERATION INSTRUCTIONS -"
4327,OFFICE MACHINES (INCLUDING SUPPLIES)
4329,ELECTRONIC PRODUCTS
4330,WORD PROCESSORS
4350,"INTEGRATED CIRCUITS, RELAYS, CONDENSORS, CAPACITORS, TRANSISTORS, SOLID-STATE SEMICONDUCTOR DEVICES, PORTABLE ELECTRONIC CALCULATORS"
4382,TYPEWRITER RIBBONS
4397,"ELECTRIC APPLIANCES, GAS APPLIANCES"
4400,ELECTRIC EQUIPMENT (EXCLUDING MACHINERY)
4401,ELECTRIC EQUIPMENT
4402,"ELECTRIC EQUIPMENT, ELECTRIC APPLIANCES EXCLUDING BUSINESS MACHINERY, OFFICE MACHINERY"
4403,"ELECTRONIC CONTROL PANELS (FOR RADAR STATIONS, POWER PLANTS, HEATING/COOLING INSTALLATIONS, SOUND RECORDING STUDIOS)"
4404,ELECTRICAL APPLIANCES
4405,BATTERIES
4409,ELECTRODES
4410,"COMMUNICATION DEVICES, SIGNAL DEVICES"
4411,"RADIOS, TELEVISIONS, RECORD PLAYERS, TAPE RECORDERS"
4412,"ELECTRIC EQUIPMENT, ELECTRIC APPLIANCES EXCLUDING COMPUTERS, OFFICE MACHINERY"
4413,"RADIOS, TELEVISIONS, RECORD PLAYERS, TAPE RECORDERS, LOUDSPEAKERS, AMPLIFIERS - INCLUDING ACCESSORIES -"
4414,"LOUD-SPEAKERS, TAPE RECORDERS, RECORD PLAYERS, RADIOS, AMPLIFIERS - INCLUDING ACCESSORIES -"
4415,"RADIOS, TAPE RECORDERS, RECORD PLAYERS, AERIALS"
4416,"AUTOMOBILE RADIOS, DICTATION MACHINES, HEARING AIDS, RECORDS, RECORDING TAPE, RECORDING WIRE, RADIOS, TELEVISIONS, SOUND RECORDING SETS, ELECTRICAPPLIANCES, LIGHTING FIXTURES, ENAMELLED WIRE, INSULATED WIRE, TELEPHONE APPARATUS, TELEGRAPH APPARATUS, TELETYPE APPARATUS, ELECTRONIC TUBES, SEMI-CONDUCTORS"
4417,"RADIOS, TELEVISIONS, RADIO-TELEVISION SETS, RADIO-PHONOGRAPH SETS, ELECTRIC HOUSEHOLD APPLIANCES"
4419,"TELEPHONE EQUIPMENT, RADIO-TELEPHONE EQUIPMENT - INCLUDING TESTING EQUIPMENT -"
4420,"RADIOS, TELEVISIONS, RADIO-TELEVISION SETS, PHONOGRAPH SETS"
4422,PARTS/COMPONENTS FOR THE MANUFACTURE OF TELECOMMUNICATION EQUIPMENT
4423,CONDENSERS
4425,LOUDSPEAKERS
4426,"AUTOMOBILE RADIOS, DICTATION MACHINES, HEARING AIDS, RECORDS, RECORDING TAPE, RECORDING WIRE, RADIOS, TELEVISIONS, SOUND RECORDING SETS, ELECTRICAPPLIANCES, LIGHTING FIXTURES, ENAMELLED WIRE, INSULATED WIRE, TELEPHONE APPARATUS, TELEGRAPH APPARATUS, TELETYPE APPARATUS, ELECTRONIC TUBES, SEMI-CONDUCTORS, TRANSISTOR/SOLID-STATE SEMI- CONDUCTOR DEVICES, TELEVISION TUNERS"
4427,"ELECTRONIC TUBES, TRANSISTORS, SOLID-STATE SEMICONDUCTOR DEVICES, RADIO PARTS"
4428,RELAYS
4429,"AMPLIFIERS, SPEAKERS, RHYTHM BOXES, RADIOS"
4430,"ELECTRIC CONDENSERS, RESISTORS, RHEOSTATS"
4431,"RESISTORS, RHEOSTATS, ELECTRIC SWITCHES"
4433,"TUBES, VALVES - FOR RADIOS, TELEVISIONS -"
4434,SWITCHES
4435,"ELECTRONIC TUBES, TRANSISTORS, SOLID-STATE SEMICONDUCTOR DEVICES"
4436,"TRANSISTORS, ELECTRIC CONDENSERS"
4439,"RESISTORS, TRANSISTORS, CAPACITORS, REGULATORS, TUNERS"
4440,"RADIOS, ELECTRONIC TUBES, TRANSISTORS, SOLIDSTATE SEMI-CONDUCTOR DEVICES"
4442,TELEVISIONS
4443,"AUTOMOBILE RADIOS, DICTATION MACHINES, HEARING AIDS, RECORDS, RECORDING TAPE, RECORDING WIRE, RADIOS, TELEVISIONS, SOUND RECORDING SETS, ELECTRICAPPLIANCES, LIGHTING FIXTURES, ENAMELLED WIRE, INSULATED WIRE, TELEPHONE APPARATUS, TELEGRAPH APPARATUS, TELETYPE APPARATUS, ELECTRONIC TUBES, SEMI-CONDUCTORS, DRY CELL BATTERIES EXCLUDING WATCHES WORN BY AN INDIVIDUAL"
4444,TRANSISTOR RADIOS
4445,"TELEGRAPH APPARATUS, TELEPHONE APPARATUS, TELETYPE APPARATUS"
4446,"INTEGRATED CIRCUITS, CONDENSORS, RELAYS, RESISTORS,TRANSISTORS"
4447,ELECTRON GUN WHICH IS COMPONENT OF TELEVISION RECEIVING TUBE MOUNT
4449,SMOKE DETECTORS
4450,"HOUSEHOLD APPLIANCES, HOUSEHOLD UTENSILS - ELECTRIC -"
4451,"AUDIO APPARATUS, VIDEO APPARATUS, COMPUTERS - FOR DOMESTIC USE ONLY"
4452,ELECTRO EROSION MACHINERY
4455,"IMPLEMENTS FOR MEASURING, CHECKING, ANALYSING, AUTOMATICALLY CONTROLLING, CONDENSORS, SHUNTS, SWITCHES, TRANSFORMERS - ELECTRIC -"
4457,"AUTOMOBILE RADIOS, SPEED CONTROL AMPLIFIERS, GRAPHIC EQUALIZERS, PREMIUM SOUND BOXES"
4458,"PARTS FOR RADIOS, PARTS FOR RECORD PLAYERS, PARTS FOR TELEVISIONS"
4459,ELECTRONIC PARTS
4461,"ELECTRIC RAZORS, MECHANICAL RAZORS"
4465,"REFRIGERATORS, FREEZERS, CLOTHES DRIERS, WASHING MACHINES, STOVES"
4467,"THERMOSTATS, SELECTOR SWITCHES, SWITCH DOORS"
4470,"LAMPS, BULBS, TUBES - INCANDESCENT, FLUORESCENT -"
4474,"FANS, HEATERS - ELECTRIC -"
4475,"LIGHTING FIXTURES, LIGHTING FITTINGS"
4476,"ELECTRIC LAMPS, LAMP SHADES, CHANDELIERS"
4477,"WIRES, CABLES - ELECTRIC -"
4483,AIR CONDITIONERS
4490,"AUXILIARY UNITS, CABLE-FORMS, CABLE CONNECTIONS, FORMS, RACKS, RELAYS, SELECTORS, SWITCHBOARDS, SWITCH SHELVES, TELEPHONE HAND SETS, TELEPHONE EXCHANGE RACK EQUIPMENT - FOR TELEPHONE EXCHANGE INSTALLATIONS, TELEPHONE LINES -"
4492,"ELECTRIC EQUIPMENT (FOR TELETYPE, TELEGRAPH, TELEPHONE, RADIO-TELEPHONE, TELEVISION OR RADIO BROADCASTING, RECORDING/EXCLUDING TELEVISION CAMERAS)"
4499,"ELECTRIC APPLIANCES, ELECTRIC MACHINERY, MACHINERY,TOOLS EXCLUDING STEAMSHIP MACHINERY PARTS, MOTORSHIP MACHINERY PARTS"
4504,SEMI-CONDUCTORS
4505,PRINTED CIRCUITS
4506,TELEVISION TUNERS
4515,"VALVES, ELECTRIC MACHINERY, MECHANICAL MACHINERY - FOR NUCLEAR, HYDRO-CARBON POWER PLANT EQUIPMENT -"
4560,"MOTORS, GENERATORS, TRANSFORMERS - ELECTRIC -"
4600,"ENGINES, TURBINES"
4609,"INTERNAL COMBUSTION ENGINES, TURBINES"
4616,"DIESEL ENGINES, PUMPSETS"
4700,"MACHINERY, TOOLS EXCLUDING STEAMSHIP MACHINERY PARTS, MOTORSHIP MACHINERY PARTS"
4701,"MACHINERY, ELECTRIC APPARATUS, TOOLS"
4702,"MACHINERY, TOOLS EXCLUDING MACHINES FOR AIRCRAFT ARRESTING, CATAPULTING, RETRIEVING, STEAMSHIP MACHINERY PARTS, MOTORSHIP MACHINERY PARTS"
4703,"A: MACHINES FOR PROCESSING METAL, TEXTILES, PLASTIC, GLASS, WOOD, STONE, LEATHER, HIDES, FOODS, BEVERAGES, TOBACCOS
B: MACHINES FOR ABRADING, GRINDING, CUTTING POLISHING, BINDING, DRILLING, MOULDING, PRINTING, POSTAGE FRANKING, PACKAGING, RIVETING, WELDING, CLEANING, WASHING, DYEING, DRYING, SPRINKLING LIQUIDS, HEATING, COOLING, WELL DRILLING, EXCAVATING, CONVEYING, WEIGHING, PAPER MAKING, AIRCRAFT ARRESTING, AIRCRAFT CATAPULTING, AIRCRAFT RETRIEVING
C: BEARINGS, BALL, NEEDLE, PIVOT, RADIAL, ROLLER, SHAFT, THRUST, CASTINGS, FORGINGS (INCLUDING ROLLED SHAPES) CENTRIFUGES, COIN OPERATED MACHINES,COMPRESSORS, CONSTRUCTION MACHINES, CUTLERY, RAZOR BLADES, GASKETS, METAL HANDTOOLS, PUMPS, TAPS AND DIES, ANCHORS, BOLTS, NAILS, NUTS, SCREWS,WIRE, STUDS (MADE OF BRASS, COPPER, IRON, STEEL, PLASTIC), CASTORS, GLIDES, VALVES, PIPE FITTINGS, WASHERS, WELDING ELECTRODES/RODS/WIRE, WELDING PASTE/POWDER, WELDING APPARATUS EXCLUDING STEAMSHIP MACHINE PARTS, MOTORSHIP MACHINE PARTS, WATCHES WORN BY AN INDIVIDUAL"
4704,AGRICULTURAL EQUIPMENT
4708,"MACHINES (FOR MANUFACTURING BOTTLES, WASHING BOTTLES)"
4711,MACHINE PARTS
4718,MOULDING DEVICES
4720,"MACHINERY (FOR CONSTRUCTING, EXCAVATING, CONVEYING)"
4741,"PARTS FOR ROAD CONSTRUCTION MACHINERY, PARTS FOR GENERATORS"
4742,"MACHINERY (FOR OIL DRILLING, OIL FIELD SERVICING, DREDGING)"
4747,"MACHINERY (FOR CONSTRUCTING, EARTH MOVING, CONVEYING, EXCAVATING, MINING)"
4748,DRILLING EQUIPMENT
4750,MINING EQUIPMENT
4753,"PIPES, PIPE FITTINGS, SPRINKLER SYSTEMS"
4754,"FILTERS, PUMPS"
4755,PARTS FOR DYE FILTERS
4757,PLASTIC INJECTION MOULDING MACHINERY
4780,"TEXTILE MACHINERY, SEWING MACHINERY, SHOE MACHINERY"
4789,"SEWING MACHINES (INCLUDING ACCESSORIES, SUPPLIES)"
4800,TOOLS
4803,TAPS AND DIES
4811,MACHINE TOOLS
4813,"ABRASIVE TOOLS, CUTTING TOOLS"
4816,"TWIST DRILLS, MASONRY DRILLS, MILLING CUTTERS, REAMERS, TOOL BITS, HACKSAW BLADES, PUNCHES, BUILDERS LEVELS, SCREWDRIVERS, HAMMERS, PLIERS, VICES, SHIFTING SPANNERS, ADJUSTABLE SPANNERS"
4819,"UNIVERSAL FILLING GUIDES, GREASE GUNS, WOODEN FILES(HANDLESS), FIXED SAWS (HANDLED)"
4902,"PIPES, PIPE FITTINGS"
4911,"BALL BEARINGS, ROLLER BEARINGS"
4954,"PNEUMATIC EQUIPMENT, HYDRAULIC EQUIPMENT, TOOLS"
4955,AUTOMATIC DOOR CLOSERS
4969,"PISTONS, PISTON RINGS"
5050,"ABRASIVES, ABRASIVE PRODUCTS, GRINDING WHEELS"
5235,"SANITARY ARTICLES (MADE OF POTTERY, PORCELAIN)"
5295,"POTTERY, CERAMICS"
5296,"CERAMICS, POTTERY, CHINAWARE, EARTHENWARE, STONEWARE, CRYSTALWARE, PORCELAIN, GLASSWARE EXCLUDING PLASTER OBJECTS, ARTIFICIAL STONES, OPTICAL GOODS"
5297,"POTTERY, CHINAWARE, EARTHENWARE, PORCELAIN, CRYSTALWARE (OF WHOLLY IRISH MANUFACTURE) EXCLUDING ARTIFICIAL STONES, OPTICAL GOODS"
5299,"POTTERY, CHINAWARE, EARTHENWARE, STONEWARE, CRYSTALWARE, PORCELAIN, GLASSWARE EXCLUDING ARTIFICIAL STONES, OPTICAL GOODS"
5300,"GLASS, GLASS PRODUCTS"
5351,"GLASSWARE (INCLUDING GLASS LAMPSHADES, ASSOCIATED ELECTRIC FIXTURES, FITTINGS)"
5400,MARBLE
5406,FIREPLACES (MARBLE)
5500,"MICA, MICA PRODUCTS"
5620,OILS (REFINED)
5700,QUARTZ
5710,"AMETHYST, MALACHITE, MICA, SILICA, QUARTZ, SEMI-PRECIOUS STONES - IN RAW FORM -"
5750,QUARTZ MANUFACTURES
5821,HANDICRAFT ENTIRELY OF ONYX
5851,SEMI-PRECIOUS STONES
5858,"ARTIFICIAL STONES, GLASS STONES, GLASS PEARLS, PLASTIC PEARLS - UNSET, UNMOUNTED, UNSTRUNG - IMITATION JEWELRY (MADE OF GLASS, ARTIFICIAL STONES, METAL, PLASTIC, WOOD), ORNAMENTAL ARTICLES (MADE OF PLASTIC)"
5900,GRANITE SLABS
5901,GEOLOGICAL SAMPLES (EXCLUDING ORE)
6000,"CHEMICALS, PHARMACEUTICALS"
6001,"CHEMICALS, DRUGS, PHARMACEUTICALS, MEDICINES"
6002,"CHEMICALS, DYES, FERTILIZERS, INSECTICIDES, PAINTS,PIGMENTS, VARNISHES, DRUGS, PHARMACEUTICALS, MEDICINES, COSMETICS, SOAPS, TOILET PREPARATIONS, TOILET ARTICLES, PERFUMES, ESSENTIAL OILS - ALONE OR TOGETHER WITH THEIR BOTTLES, PACKAGING, PRINTED ADVERTISING MATERIAL, ADVERTISING SETS - GUMS, RESINS, PLASTICS - IN SHEETS, SLABS, RODS, TUBINGS, POWDER, OTHER UNFINISHED FORMS -"
6003,"CHEMICALS, DRUGS, PHARMACEUTICALS, MEDICINES - EXCLUDING COSMETICS, TOILET PREPARATIONS, TOILET ARTICLES, PERFUMES -"
6004,"DYES, FERTILIZERS, INSECTICIDES, PAINTS, PIGMENTS, VARNISHES, DRUGS, PHARMACEUTICALS, MEDICINES, COSMETICS, SOAPS, TOILET PREPARATIONS, PERFUMES, ESSENTIAL OILS, GUMS, RESINS, PLASTIC - IN SHEETS, SLABS, RODS, TUBINGS, POWDER, OTHER UNFINISHED FORMS -"
6005,"CHEMICALS, DYES, FERTILIZERS, INSECTICIDES, PAINTS,VARNISHES, ESSENTIAL OILS, GUMS, RESINS, PLASTICS - IN SHEETS, SLABS, RODS,TUBING, POWDER, LIQUIDS, GRANULES -"
6006,"FOLLOWING PRODUCTS INCLUDING BRAND NAMES, PRODUCTS OF ICI, ITS SUBSIDIARIES AND ASSOCIATE COMPANIES: ATROMID, TENORIM, NOVADEX, HIBITANE, INDERAL, BEXFILM, MELINEX, PROPAFILM, VICTREX, NOVAMURA, VYMURA, SAFFIL, TOPANOL, ANALINE COLOUR, DYES INTERMEDIATE, FLUON AND CATALYST"
6007,"SURGICAL GAUZE, BANDAGES, COTTON WOOL, SANITARY TOWELS"
6008,"CHEMICALS, DRUGS, PHARMACEUTICALS, MEDICINES, SURGICAL GAUZE, BANDAGES, PAINTS, VARNISHES"
6009,"CHEMICALS, CHEMICAL PRODUCTS, DRUGS, COSMETICS, PHARMACEUTICALS, ESSENTIAL OILS, RESINS, RUBBER - INCLUDING PLASTIC ARTICLES, TOILET ARTICLES"
6010,CHEMICAL REAGENTS
6030,"POLYPROPYLENE FILM (METALISED), POLYPROPYLENE GRANULES"
6050,"ESSENTIAL OILS, PERFUMES, TOILET PREPARATIONS, SOAP, TOILET WATER"
6099,VACCINES
6100,BIOLOGICALS
6103,"VITAMINS, ANTIBIOTICS"
6107,"HAEMODERIVATIVES, BLOODPLASMA"
6108,CORD BLOOD
6109,HUMAN BLOOD
6110,"PLASTIC SURGICAL EQUIPMENT, HUMAN PLASMA"
6200,CHEMICALS
6202,MOSQUITO COILS
6208,XANTHOPHYLL CONCENTRATE
6211,DATURA EXTRACT
6212,DRY COCHINEALS
6223,DRY ICE
6224,"INDUSTRIAL CHEMICALS, TESTING EQUIPMENT (MADE OF GLASS)"
6226,PRINTING INK
6227,PYRETHRUM EXTRACT
6234,ETHAMBUTOL POWDER
6240,INSECTICIDE
6251,VETERINARY MEDICINAL DIETARY ADDITIVE
6271,QUININE (ALKALOID)
6425,GINSENG ROOT
6435,OPIUM
6495,"DRUGS, MEDICINES, PHARMACEUTICALS, INSECTICIDES, AIR FRESHENERS (IN AEROSOL SPRAY CANS/EXCLUDING PERFUMES)"
6500,PHARMACEUTICALS
6501,"MEDICINES, PHARMACEUTICALS"
6502,VETERINARY PHARMACEUTICALS
6505,EMPTY GELATINE CAPSULES FOR MEDICINES
6511,"BISMUTH, CADMIUM"
6600,"COSMETICS, SOAPS, TOILET PREPARATIONS"
6601,"COSMETICS, TOILET PREPARATIONS, TOILET ARTICLES, PERFUMES"
6605,"TOILET ARTICLES, TOILET WATER, PERFUMES, COSMETICS - ALONE OR TOGETHER WITH THEIR BOTTLES, PACKAGING, PRINTED ADVERTISING MATERIAL, ADVERTISING SETS -"
6630,PERFUMES
6631,"PERFUME, TOILET WATER"
6750,"PAINTS, PIGMENTS, VARNISHES"
6751,"PRINTING INK, PRINTING LACQUERS, RUBBER STAMPS, INK PADS"
6801,"FIBREGLASS, FIBREGLASS REINFORCING MATERIAL"
6805,"ARTIFICIAL GUMS, ARTIFICIAL RESINS, PLASTIC MANUFACTURES (IN SHEETS, SLABS, RODS, TUBES, OTHER UNFINISHED FORMS)"
6806,NATURAL RESINS
6810,PLASTIC ARTICLES
6812,INSULATING TUBINGS
6817,PLASTIC DOILIES
6824,"PLASTIC KITCHENWARE, TABLEWARE, DECORATIVE WARE, TOYS"
6827,PLASTIC ARTICLES (FOR HOUSEHOLD USE)
6847,"CELLOPHANE, POLYETHYLENE BAGS, ROLLS (FOR WRAPPING)"
6855,PLASTIC CONTAINERS
6857,PLASTIC ARTICLES (USED IN ANIMAL HUSBANDRY)
6900,"DETERGENTS, SOAPS, SOAP FLAKES, SOAP POWDER, OTHER CLEANING MATERIALS"
6901,"POLISHES, PASTES, POWDERS, PREPARATIONS - USED FOR POLISHING, PRESERVING LEATHER, WOOD, METAL, GLASS, OTHER MATERIALS -"
6902,"CLEANSING, POLISHING PRODUCTS"
7001,"PAPER (IN SHEETS, ROLLS/EXCLUDING PRINTED MATTER, PHOTOGRAPHIC PAPER)"
7003,"PAPER, CARDBOARD - IN SHEETS, ROLLS/EXCLUDING PRINTED MATTER, PHOTOGRAPHIC PAPER - CARDBOARD BOXES (EMPTY)"
7011,"PRINTED MATTER, PAPER - INCLUDING PHOTOGRAPHIC, SENSITIZED PAPER - EXCLUDING NEWSPAPERS"
7021,PAPER PACKAGING MATERIAL
7025,"CIGARETTE PAPERS, FILTERS, TIPS, PACKAGING MATERIAL"
7026,SECURITY PAPER
7031,"SURFACE COATED PAPER (IN ROLLS, SHEETS)"
7032,CABLE INSULATION PAPER TAPE
7039,"ADHESIVE TAPE, ADHESIVE TAPE DISPENSERS"
7046,PHOTOGRAPHIC SENSITIZED PAPER
7067,"CARDS, CHECKS, TICKETS, TICKET ROLLS, LABELS (MADE OF PAPER, METAL, PLASTIC)"
7090,STATIONERY
7100,PRINTED MATTER
7101,"NEWSPAPERS, MAGAZINES, PERIODICALS, BOOKS, PRINTED MATTER EXCLUDING POSTAGE STAMPS, LEGAL BANKNOTES, SECURITIES, SHARES, SHARE COUPONS, UNCANCELLED REVENUE STAMPS, PRESS PHOTOGRAPHS"
7102,"NEWSPAPERS, MAGAZINES, PERIODICALS, PRINTED MATTER EXCLUDING POSTAGE STAMPS, LEGAL BANKNOTES, SECURITIES, SHARES, SHARE COUPONS, UNCANCELLED REVENUE STAMPS"
7104,"MAGAZINES, PERIODICALS - PUBLISHED ONCE WEEKLY OR AT LONGER INTERVALS -"
7105,"BOOKS, CATALOGUES, PAMPHLETS"
7106,"MAGAZINES, PERIODICALS - PUBLISHED ONCE WEEKLY OR AT LONGER INTERVALS - BOOKS EXCLUDING PHOTOGRAPHS"
7107,NEWSPAPERS (DAILY)
7108,ADMINISTRATIVE REPORTS
7109,NEWSPAPERS
7110,"NEWSPAPERS, MAGAZINES, PERIODICALS"
7111,FOOTBALL POOL COUPONS
7112,"NEWSPAPERS, MAGAZINES, PERIODICALS, BOOKS"
7113,"MAGAZINES, PERIODICALS, NEWSPAPERS - PUBLISHED ONCEWEEKLY OR AT LONGER INTERVALS -"
7115,"BOOKS, MAGAZINES, CATALOGUES"
7117,"MAGAZINES, PERIODICALS EXCLUDING NEWSPAPERS"
7118,"NEWSPAPERS, MAGAZINES, PERIODICALS, BOOKS, CATALOGUES. BRAILLE TYPE EQUIPMENT AND TALKING BOOKS FOR THE BLIND."
7119,BOOKS
7120,NEWSPAPERS AND MAGAZINES
7122,PRINTED MATTER (EXCLUDING NEWSPAPERS)
7123,RELIGIOUS BOOKS
7126,"MAGAZINES, PERIODICALS - PUBLISHED ONCE WEEKLY OR AT LONGER INTERVALS -, ADVERTISING POSTERS, CREDIT CARD BLANKS, ENVELOPES, TABLE DECORATIONS (MADE OF PAPER), PICTURE REPRODUCTIONS, PHONOGRAPH RECORD COVERS, ANNUAL REPORTS, BLUEPRINTS, WHITE PRINTS, BOOKLETS, PAMPHLETS, CATALOGUES, INSTRUCTION MANUALS, MAPS, PROSPECTUS, PROMOTIONAL COUPONS EXCLUDING NEWSPAPERS, PHOTOGRAPHS, POSTAGE STAMPS, LEGAL BANKNOTES, SECURITIES, SHARES, SHARE COUPONS, UNCANCELLED REVENUE STAMPS, DIPLOMATIC POUCHES"
7127,"BOOKS, POSTCARDS, GREETING CARDS, CALENDARS, CREDIT CARD BLANKS, PAPER ENVELOPES, PAPER BAGS, TABLE DECORATIONS (MADE OF PAPER), ADVERTISING POSTERS, PICTURE REPRODUCTIONS, PHONOGRAPH RECORD COVERS, ANNUAL REPORTS, BLUEPRINTS, WHITE PRINTS, BOOKLETS, PAMPHLETS, CATALOGUES, CANCELLED REVENUE STAMPS, INSTRUCTION MANUALS, MAPS, PROSPECTUS, PROMOTIONAL COUPONS EXCLUDING NEWSPAPERS, PHOTOGRAPHS, POSTAGE STAMPS, LEGAL BANKNOTES, SECURITIES, SHARES, SHARE COUPONS, UNCANCELLED REVENUE STAMPS, DIPLOMATIC POUCHES"
7128,"MAGAZINES, PERIODICALS - PUBLISHED WEEKLY OR AT LONGER INTERVALS -, BOOKS, POSTCARDS, GREETING CARDS, CALENDARS, ANNUAL REPORTS, BLUEPRINTS, WHITE PRINTS, BOOKLETS, PAMPHLETS, CATALOGUES, INSTRUCTION MANUALS, MAPS, PROSPECTUS EXCLUDING NEWSPAPERS, PHOTOGRAPHS, POSTAGE STAMPS, LEGAL BANKNOTES, SECURITIES, SHARES, SHARE COUPONS, UNCANCELLED REVENUE STAMPS, DIPLOMATIC POUCHES"
7129,"NEWSPAPERS, MAGAZINES, PERIODICALS, BOOKS, PRINTED MATTER, PHOTOGRAPHS"
7159,"TEXTBOOKS, INSTRUMENTS, VISUAL TEACHING AIDS - FOR USE IN EDUCATIONAL INSTITUTIONS -"
7163,RECORD COVERS
7178,"LABELS, CARDBOARD CARTONS (UNASSEMBLED), OFFICE STATIONERY, PROMOTIONAL MATERIAL"
7179,SELF-ADHESIVE LABELS
7181,"LABELS, ADHESIVE TAPE, DISPENSERS, CARDBOARD CARTONS (UNASSEMBLED)"
7381,WILLOW ARTICLES (WOVEN)
7382,BASKETWARE
7400,"RUBBER, RUBBER PRODUCTS"
7415,"ROLLS, SHEETS, SLABS, UNFINISHED FORMS - MADE OF RUBBER -"
7420,RUBBER GOODS
7425,"RUBBER BELTS, RUBBER BELTING"
7437,RUBBER BOOTS
7448,RUBBER SEALS
7481,"RUBBER TYRES, RUBBER TUBES"
7483,SEALING RINGS (MADE OF ARTIFICIAL RUBBER)
7500,"STRAW PRODUCTS, GRASS PRODUCTS"
7600,"WOOD, WOOD PRODUCTS"
7601,"PLYWOOD, VENEERWOOD"
7608,WOOD PARQUET FLOORING
7620,WOOD MANUFACTURES
7625,"FURNITURE, FURNITURE COMPONENTS, ARTIFACTS, CURIOS - MADE OF WOOD -"
7627,WOODEN FURNITURE (EXCLUDING OBJECTS OF ART)
7628,FURNITURE (EXCLUDING OBJECTS OF ART)
7629,WOODEN FURNITURE (NOT ASSEMBLED/EXCLUDING OBJECTS OF ART)
7630,"WOODEN CABINETS (FOR RADIOS, TELEVISIONS, PHONOGRAPHS, SEWING MACHINES)"
8001,"SCIENTIFIC INSTRUMENTS, PRECISION INSTRUMENTS EXCLUDING WATCHES, CLOCKS"
8002,"SCIENTIFIC INSTRUMENTS, PRECISION INSTRUMENTS, DENTAL INSTRUMENTS, SURGICAL INSTRUMENTS, WATCHES, CLOCKS"
8003,"INSTRUMENTS FOR DENTISTRY, SURGERY, MEASURING, CALIBRATING, TESTING, DRAWING, ANALYSING SCALES, MICROSCOPES, TELESCOPES, BINOCULARS, SPECTACLES, SUNGLASSES, LENSES, PHOTOGRAPHIC EQUIPMENT (INCLUDING SUPPLIES), PROJECTION EQUIPMENT, WATCHES, CLOCKS EXCLUDING NEWSREEL FILM, MOTION PICTURE FILM (35 MM, LARGER DIMENSIONS) - EXPOSED -, PHOTOGRAPHS"
8100,"DENTAL EQUIPMENT, SURGICAL EQUIPMENT, MEDICAL EQUIPMENT"
8103,SURGICAL BEDS
8105,"DENTAL INSTRUMENTS, SURGICAL INSTRUMENTS, MEDICAL INSTRUMENTS - INCLUDING APPARATUS, SUPPLIES -"
8112,INJECTION INSTRUMENTS
8114,HYPODERMIC NEEDLES
8167,"PLASTIC ARTICLES, RUBBER ARTICLES - FOR HOSPITAL USE -"
8181,"ARTIFICIAL TEETH, RAW MATERIALS (FOR ARTIFICIAL TEETH), MANUFACTURED FELDSPAR"
8183,PROSTHESES
8200,"MUSICAL INSTRUMENTS, PHONOGRAPHS, PHONOGRAPH RECORDS, CASSETTE TAPES"
8206,"MUSICAL INSTRUMENTS, MUSIC BOXES, PHONOGRAPHS, PHONOGRAPH RECORDS, RECORDING TAPE EXCLUDING ANY COMBINATION WITH WATCHES, CLOCKS"
8211,"MUSICAL INSTRUMENTS, PHONOGRAPH RECORDS, TAPE RECORDINGS, SHEET MUSIC - INCLUDING ACCESSORIES -"
8277,"RECORDS, RECORDING TAPE, RECORDING WIRE"
8280,"PHONOGRAPH RECORDS, RECORDING TAPE"
8281,"RECORDING TAPES, CASSETTES, PHONOGRAPH RECORDS, FILMS"
8282,PHONOGRAPH RECORDS
8284,VIDEO CASSETTES
8285,CASSETTE TAPES
8303,CONTACT LENSES
8340,"LENSES, PRISMS"
8370,"LENSES, FRAMES, SUNGLASSES"
8371,SPECTACLE FRAMES
8372,"SPECTACLES, SUNGLASSES - INCLUDING ACCESSORIES -"
8380,"SUNGLASSES, GOGGLES"
8382,"SUNGLASSES, GOGGLES - INCLUDING SPECTACLE CASES WHEN SHIPPED WITH THE MAIN ARTICLE -"
8391,"OPTICAL GOODS, PHOTOGRAPHIC EQUIPMENT, PROJECTION EQUIPMENT - INCLUDING SUPPLIES, ACCESSORIES - EXCLUDING NEWSREEL, 35MM MOTION PICTURE FILM - EXPOSED -"
8392,"OPTICAL GOODS, PHOTOGRAPHIC EQUIPMENT, PROJECTION EQUIPMENT - INCLUDING SUPPLIES - EXCLUDING NEWSREEL FILM, MOTION PICTURE FILM (35MM, LARGER DIMENSIONS) - EXPOSED -, PHOTOGRAPHS"
8393,"OPTICAL GOODS, PHOTOGRAPHIC EQUIPMENT, PROJECTION EQUIPMENT - INCLUDING SUPPLIES - FILMS EXCLUDING NEWSREEL FILM, MOTION PICTURE FILM (35MM, LARGER DIMENSIONS) - EXPOSED -"
8395,"PROJECTION EQUIPMENT (INCLUDING SUPPLIES, ACCESSORIES) EXCLUDING NEWSREEL, 35MM MOTION PICTURE FILM - EXPOSED -"
8396,"SPECTACLES, BINOCULARS, MICROSCOPES, TELESCOPES, PHOTOGRAPHIC INSTRUCTIONS, PROJECTION INSTRUCTIONS,PHOTOGRAPHIC PAPER, DEVELOPING FLUIDS EXCLUDING NEWSREEL, 35MM MOTION PICTURE FILM - EXPOSED -"
8398,"OPTICAL GOODS, PHOTOGRAPHIC EQUIPMENT, PROJECTION EQUIPMENT - INCLUDING SUPPLIES -, PUBLICITY ARTICLES, DISPLAY ADVERTISING - FOR MOTION PICTURE FILMS -"
8400,"PHOTOGRAPHIC INSTRUMENTS, PROJECTION INSTRUMENTS - INCLUDING APPARATUS, SUPPLIES, ACCESSORIES -"
8401,"OPTICAL GOODS, PHOTOGRAPHIC INSTRUMENTS, PROJECTIONINSTRUMENTS - INCLUDING APPARATUS, SUPPLIES, ACCESSORIES -"
8405,PHOTOGRAPHIC EQUIPMENT (INCLUDING ACCESSORIES)
8420,FILMS
8423,"FILMS (UNEXPOSED), SENSITIVE PAPER"
8424,ENTERTAINMENT ITEMS
8425,MOTION PICTURE FILMS
8426,MOTION PICTURE FILM (INCLUDING ADVERTISING MATERIAL)
8430,"PHOTOGRAPHIC FILMS, PHOTOGRAPHIC PAPER - SENSITIZED, UNEXPOSED/INCLUDING PHOTOGRAPHIC CHEMICALS, UNSENSITIZED FILM BASE -"
8434,"UNEXPOSED FILMS, UNRECORDED TAPES"
8440,LENSES
8549,"INSTRUMENTS FOR DENTISTRY, SURGERY, MEASURING, CALIBRATING, TESTING, DRAWING, ANALYSING SCALES, PULSE TRANSMITTING DEVICES, MICROSCOPES, TELESCOPES, BINOCULARS, SPECTACLES, SUNGLASSES, LENSES, PHOTOGRAPHIC EQUIPMENT (INCLUDING SUPPLIES), PROJECTION EQUIPMENT, WATCHES, CLOCKS EXCLUDING NEWSREEL FILM, MOTION PICTURE FILM (35MM, LARGER DIMENSIONS) - EXPOSED -"
8550,"INSTRUMENTS/APPLIANCES FOR DENTISTRY, SURGERY, MEASURING, CALIBRATING, TESTING, DRAWING, DENTAL BASE PLATES, FILLING MATERIALS, IMPRESSION MATERIALS, ELECTRONIC INSTRUMENTS/ EQUIPMENT (FOR SCIENTIFIC, LABORATORY, INDUSTRIAL USE, RADIO BROADCASTING, TELEVISION BROADCASTING), ELECTRO MAGNETS, ELECTRONIC VACUUM SYSTEMS, FREQUENCY STANDARDS/COUNTERS, LINEAR ACCELERATORS, OSCILLOSCOPES, SIGNAL GENERATORS, SPECTROMETERS, VOLTIMETER/OSCILLATORS, LABORATORY RECORDERS, TAPE RECORDERS (OTHER THAN FOR REPRODUCING SOUND), SIGNAL PROCESSING INSTRUMENTS, PULSE TRANSMITTING DEVICES, ANALYSING SCALES, MICROSCOPES, TELESCOPES,BINOCULARS, SPECTACLES, LENSES, PHOTOGRAPHIC EQUIPMENT (INCLUDING SUPPLIES), PROJECTION EQUIPMENT - INCLUDING FILM, PRINTED ADVERTISING POSTERS, PHOTOGRAPHS WHEN SHIPPED WITH THE MAIN ARTICLE -, GUIDED MISSILE PARTS, KLYSTRON, MAGNETRON, ELECTRIC SWITCHING TUBES, ELECTRIC TRAVELLING WAVETUBES, TELEVISION CAMERA TUBES, TELEVISION PICTURE TUBES, THYRATRON, WATCHES, CLOCKS EXCLUDING NEWSREEL FILMS"
8551,"AUTOMATIC CONTROLS (FOR MEASURING/REGULATING FLOW TEMPERATURE, LEVEL, HUMIDITY, TIMED INTERVALS)"
8553,"ELECTRO MEDICAL APPARATUS, OPERATING TABLES, DIATHERMIC MACHINES, DENTAL INSTRUMENTS, SURGICAL INSTRUMENTS"
8575,MEDICAL EQUIPMENT (INCLUDING SUPPLIES)
8600,"SCIENTIFIC INSTRUMENTS, LABORATORY INSTRUMENTS - INCLUDING APPARATUS, SUPPLIES -"
8601,"SCIENTIFIC INSTRUMENTS, LABORATORY INSTRUMENTS - INCLUDING APPARATUS -"
8603,ELECTRONIC MEDICAL EQUIPMENT
8610,"ANALYTICAL MEASURING INSTRUMENTS (FOR MEDICAL, SCIENTIFIC PURPOSES)"
8909,"INSTRUMENTS (FOR REGULATING, MEASURING, TESTING)"
8911,"WATCHES, CLOCKS"
8913,WRIST WATCHES (WITH BANDS OR BRACELETS)
8925,WATCHES
9001,"IMITATION JEWELRY, PERSONAL ORNAMENTS, ARTIFICIAL STONES, GLASS STONES, BEADS EXCLUDING ORIGINAL WORKS OF ART, ANTIQUES, WATCHES, CLOCKS, ARTICLES WHICH CONTAIN ONE OR MORE OF THE ARTICLES LISTED IN RESOLUTION 594"
9006,"IMITATION JEWELRY, NOVELTIES, ORNAMENTS EXCLUDING WATCHES, CLOCKS, ARTICLES WHICH CONTAIN ONE OR MORE OF THE ARTICLES LISTED IN RESOLUTION 012."
9050,EMPTY CONTAINERS
9051,EMPTY BEER KEGS
9052,EMPTY AMMONIA CYLINDERS
9072,"EMPTY BOXES (MADE OF CARDBOARD, NON-PRECIOUS METAL/FOR PACKAGING OF JEWELRY, WATCHES, CLOCKS)"
9078,EMPTY METAL CANS
9090,HUMAN HAIR
9091,"HUMAN REMAINS, UNCREMATED."
9092,"HUMAN EYES, TISSUES AND DEHYDRATED CORNEAS"
9093,HUMAN ORGANS
9094,LIVE HUMAN ORGANS
9102,"GIFT PARCELS (CONTAINING FOOD, CLOTHING)"
9104,"GIFT PARCELS (CONTAINING FOOD, CLOTHING, SHOES, MEDICINES, COSMETICS, TOILET ARTICLES)"
9105,"GIFT SHIPMENTS (CONTAINING FOOD, MEDICAL SUPPLIES)"
9106,"FOODSTUFFS, BEVERAGES (FOR CONSUMPTION OR USE IN A HOUSEHOLD, NOT FOR RESALE)"
9200,"ATHLETIC EQUIPMENT, SPORTING GOODS"
9202,"TOYS, GAMES, ATHLETIC GOODS, SPORTING GOODS"
9204,WOODEN TOYS
9205,"TOYS, GAMES, ATHLETIC GOODS, SPORTING GOODS EXCLUDING WEARING APPAREL"
9206,"TOYS, GAMES, ATHLETIC GOODS, SPORTING GOODS - INCLUDING SPORTING GUNS, HUNTING GUNS - EXCLUDING WATCHES, CLOCKS, WEARING APPAREL, OUTBOARD MOTORS"
9207,"TOYS, GAMES - INCLUDING PACKAGING MATERIAL WHEN SHIPPED WITH THE MAIN ARTICLE -"
9208,"SADDLES, RIDING EQUIPMENT"
9213,BASEBALLS
9215,SCALE MODELS (SHIPS)
9229,"SKATEBOARDS (INCLUDING HELMETS, PROTECTIVE PADS)"
9241,FISHING EQUIPMENT (INCLUDING ACCESSORIES)
9274,"SKIS, SKIPOLES, SKI BINDINGS"
9300,"FIREARMS, AMMUNITION"
9311,AMMUNITION FOR SPORTING GUNS
9400,OFFICE SUPPLIES (EXCLUDING MACHINERY)
9470,"PENS, PENCILS"
9471,"PENS, PENCILS (INCLUDING STANDS, HOLDERS, CASES)"
9473,"PENS, PENCILS (INCLUDING DISPLAY MATERIAL)"
9500,"PAINTINGS, ETCHINGS, ENGRAVINGS"
9503,"HANDICRAFT PRODUCTS (MADE OF TEXTILES, METAL, WOOD, CORK, STRAW, WICKER, LEATHER, CLAY, CERAMIC, STONE, GLASS EXCLUDING GARMENTS, CARPETS, SPORTING GOODS, SURGICAL INSTRUMENTS, DIAMONDS, PRECIOUS STONES)"
9505,"SOUVENIRS (INCLUDING LEATHER GOODS, SILVERWARE, WOOD MANUFACTURES, COPPER MANUFACTURES, BONE ARTICLES, HORN ARTICLES/EXCLUDING IVORY ARTICLES)"
9506,"CURIOS (CARVED/WOODEN), BONE ARTICLES, HORN ARTICLES"
9508,"SOUVENIRS (INCLUDING LEATHER GOODS, MANUFACTURES MADE OF WOOD, COPPER, IVORY, BONE ARTICLES, HORN ARTICLES)"
9509,"HANDICRAFTS (MADE OF BRASS, COPPER, IRON, WOOD, CLAY, HANDLOOM TEXTILES)"
9511,"CURIOS (CARVED/WOODEN), BONE ARTICLES, HORN ARTICLES EXCLUDING IVORY ARTICLES"
9512,"HANDICRAFTS (MADE OF BRASS, COPPER, IRON, WOOD, STONE, BAMBOO, WICKER, PAPER, PAPER MACHE, LEATHER,CLAY, LAC, HANDLOOM TEXTILES) EXCLUDING WEARING APPAREL, DIAMONDS, PRECIOUS STONES"
9513,"HANDICRAFT PRODUCTS (MADE OF TEXTILES, METAL, WOOD,CORK, STRAW, WICKER, LEATHER, CLAY, CERAMIC, STONE,GLASS EXCLUDING DIAMONDS, PRECIOUS STONES"
9515,"HANDICRAFTS (MADE OF BRASS, COPPER, IRON, WOOD, BAMBOO, WICKER, PAPER, PAPER MACHE, LEATHER, CLAY, LAC, HANDLOOM TEXTILES, FEATHERS/EXCLUDING WEARING APPAREL)"
9516,"HANDICRAFT PRODUCTS (MADE OF TEXTILES, METAL, WOOD,STRAW, LEATHER, CLAY, WICKER, ONYX, MOTHER-OF- PEARL, GLASS)"
9517,"HANDICRAFT PRODUCTS (MADE OF METAL, WOOD, STRAW, LEATHER, EARTH, ONYX, MOTHER-OF-PEARL, GLASS)"
9520,"HANDICRAFTS (MADE OF SISAL FIBRE, BANANA FIBRE, BAMBOO, LEATHER, PAPER, STONE, CLAY)"
9522,"HANDICRAFT PRODUCTS (MADE OF TEXTILES, METAL, WOOD,CORK, STRAW, WICKER, LEATHER, CLAY, CERAMIC, STONE,GLASS ARTICLES/EXCLUDING WEARING APPAREL)"
9524,"HANDICRAFTS (MADE OF METAL, WOOD, CORK, STRAW, BAMBOO, WICKER, CLAY, CERAMIC, STONE, GLASS, HORN, BONE, IVORY, PAPER, PAPER MACHE, LAC, ONYX), INCENSE, IMITATION JEWELRY EXCLUDING TEXTILES, TEXTILE ARTICLES, WEARING APPAREL, LEATHER, LEATHER ARTICLES, CARPETS, RUGS, DURRIES, MUSICAL INSTRUMENTS, DIAMONDS, PRECIOUS STONES"
9525,"HANDICRAFTS (MADE OF METAL, WOOD, CORK, STRAW, BAMBOO, WICKER, CLAY, CERAMIC, STONE, GLASS, HORN, BONE, PAPER, PAPER MACHE, LAC), INCENSE, IMITATION JEWELRY EXCLUDING CARPETS, RUGS, DURRIES, MUSICAL INSTRUMENTS, DIAMONDS, PRECIOUS STONES"
9526,"BUTTONS, BUCKLES"
9527,HANDICRAFTS
9529,"FASTENERS, ZIPPERS, BUCKLES, HANDLES, HANDBAG FRAMES"
9533,"CAKE DECORATIONS (MADE OF SUGAR, PLASTIC)"
9540,BRUSHES
9552,HANDBAGS
9553,"PURSES, HANDBAGS, WALLETS, BRIEF-CASES, SCHOOL BAGSBASKETS - MADE OF LEATHER, CLOTH, PLASTIC -"
9557,"HANDBAGS, PURSES, WALLETS - INCLUDING ACCESSORIES/ OTHER THAN LEATHER -"
9558,"SUITCASES, OVERNIGHT BAGS, BRIEFCASES, ATTACHE CASES, HANDBAGS, PURSES, WALLETS"
9560,"RELIGIOUS ARTICLES (EXCLUDING PRINTED MATTER) PICTURES, VESTMENTS"
9576,"ADVERTISING ARTICLES, DISPLAY EQUIPMENT - NOT FOR RESALE -"
9601,"TOBACCO, CIGARS, CIGARETTES"
9602,"TOBACCO, CIGARS, CIGARETTES, PIPES, HUMIDORS, CIGAR HOLDERS, CIGARETTE HOLDERS, LIGHTERS, ASHTRAYS, TOBACCO POUCHES, PIPE CLEANERS, CIGAR CASES, CIGARETTE CASES, PIPE CASES, PIPE RACKS, PIPE REAMERS, CIGAR FILTERS, CIRAGETTE FILTERS, PIPE FILTERS"
9613,INDIAN BEEDIES
9615,PIPES (SMOKING)
9623,"CONVENTION AND EXHIBITION ITEMS - INCLUDING SUPPLIES, ACCESSORIES"
9625,LIGHTERS
9660,"FEEDERS, WATERERS, EGG TRAYS, EGG GRADERS, CHICKEN CRATES, PARTS FOR LAYING BATTERIES, FATTENING BATTERIES, BROODING BATTERIES - DISASSEMBLED, FOR POULTRY FARMS -"
9702,"FLORAL STOCK, NURSERY STOCK, BULBS, SEEDS, PLANTS, FLOWERS"
9703,"YARN, THREAD, FIBRES, TEXTILES, WEARING APPAREL, LEATHER, LEATHER MANUFACTURES"
9704,"SURFACE VEHICLES (INCLUDING ACCESSORIES), MACHINES EXCLUDING STEAMSHIP MACHINERY PARTS, MOTORSHIP MACHINE PARTS"
9705,"DATA PROCESSING EQUIPMENT, OFFICE MACHINERY, - INCLUDING ACCESSORIES, SUPPLIES -"
9706,"ELECTRIC EQUIPMENT, ELECTRIC APPLIANCES, TAPES, CASSETTES, PHONOGRAPH RECORDS, WIRE"
9707,"TOOLS (INCLUDING RAZOR BLADES), CUTLERY"
9708,"OPTICAL GOODS, PHOTOGRAPHIC INSTRUMENTS, PROJECTIONINSTRUMENTS - INCLUDING APPARATUS, SUPPLIES, ACCESSORIES -"
9709,"CHEMICALS, CHEMICAL PRODUCTS, DRUGS, COSMETICS, PHARMACEUTICALS, ESSENTIAL OILS, RESINS, RUBBER - INCLUDING PLASTIC ARTICLES, TOILET ARTICLES"
9710,"PRINTED MATTER, PAPER - INCLUDING PHOTOGRAPHIC, SENSITIZED PAPER -"
9711,"SCIENTIFIC INSTRUMENTS, PRECISION INSTRUMENTS, LABORATORY EQUIPMENT (INCLUDING SUPPLIES), WATCHES,CLOCKS"
9712,"TOYS, GAMES, SPORTING GOODS"
9713,MUSICAL INSTRUMENTS
9714,"CERAMICS, POTTERY, CHINAWARE, EARTHENWARE, STONEWARE, CRYSTALWARE, PORCELAIN, GLASSWARE"
9715,"SURFACE VEHICLES (INCLUDING ACCESSORIES), MACHINERY, TOOLS, CUTLERY"
9716,"PERSONAL EFFECTS, HOUSEHOLD GOODS - NOT FOR RESALE"
9717,"AIRCRAFT ENGINES, AIRCRAFT PARTS EXCLUDING FUSELAGES, WINGS, AIRCRAFT TAIL ASSEMBLIES, STABILIZERS, STABILATORS"
9718,"HANDICRAFT PRODUCTS (MADE OF TEXTILES, METAL, WOOD,CORK, STRAW, WICKER, LEATHER, CLAY, CERAMIC, STONE,GLASS, EARTHENWARE, POTTERY), CRYSTALWARE ARTICLES, IMITATION JEWELRY, NOVELTIES, ORNAMENTS EXCLUDING DIAMONDS, PRECIOUS STONES"
9719,"INSTRUMENTS, EQUIPMENT - DESIGNED FOR SCIENTIFIC SURGICAL LABORATORY, INDUSTRIAL RADIO OR TELEVISIONBROADCASTING USE -, OPTICAL INSTRUMENTS, SPECTACLES, PHOTOGRAPHIC EQUIPMENT (INCLUDING SUPPLIES), PROJECTION EQUIPMENT EXCLUDING WATCHES, CLOCKS, NEWSREEL FILMS"
9720,"FISH (INEDIBLE), CORAL, WEED, FISH FOOD"
9721,"PAPER, PAPER PRODUCTS"
9722,"METALS, MINERALS - EXCLUDING GOLD, SILVER, PLATINUM, PLATINUM ALLOYS -"
9723,"PLASTIC ARTICLES, WOOD, WOOD PRODUCTS"
9724,AIRCRAFT PARTS (INCLUDING ACCESSORIES)
9725,"SURFACE VEHICLES (INCLUDING ACCESSORIES), MACHINERY, TOOLS, CUTLERY EXCLUDING STEAMSHIP MACHINERY PARTS, MOTORSHIP MACHINE PARTS"
9726,"DATA PROCESSING EQUIPMENT, OFFICE MACHINERY - INCLUDING ACCESSORIES, SUPPLIES-, ELECTRIC EQUIPMENT, ELECTRIC APPLIANCES, TAPES, CASSETTES, PHONOGRAPH RECORDS, WIRE"
9727,"OPTICAL EQUIPMENT, PHOTOGRAPHIC EQUIPMENT - INCLUDING ACCESSORIES, SUPPLIES -, SCIENTIFIC INSTRUMENTS, PRECISION INSTRUMENTS, LABORATORY EQUIPMENT (INCLUDING SUPPLIES), WATCHES, CLOCKS"
9728,"PRINTED MATTER, PAPER - INCLUDING PHOTOGRAPHIC, SENSITIZED PAPER - EXCLUDING NEWSPAPERS"
9730,"DOGS, CATS"
9732,"FOODSTUFFS, SPICES, BEVERAGES, TEXTILES, WEARING APPAREL, MACHINERY TOOLS, CUTLERY, ELECTRIC EQUIPMENT, CHEMICALS, DRUGS, PHARMACEUTICALS, MEDICINES, COSMETICS, TOILET ARTICLES, PLASTIC, PRINTED MATTER, PAPER, PRECISION INSTRUMENTS, OPTICAL GOODS - INCLUDING ACCESSORIES, SUPPLIES -"
9733,"TEXTILES, WEARING APPAREL, MACHINERY, TOOLS, CUTLERY, ELECTRIC EQUIPMENT, SURFACE VEHICLES, CHEMICALS, DRUGS, PHARMACEUTICALS, COSMETICS, MEDICINES, TOILET ARTICLES, PLASTIC - INCLUDING ACCESSORIES, SUPPLIES -"
9734,"YARN, THREAD, FIBRES, TEXTILES, WEARING APPAREL, LEATHER, LEATHER MANUFACTURES EXCLUDING FURS, HIDES, PELTS, SKINS"
9735,"FOODSTUFFS, SPICES, BEVERAGES, TOBACCO, TOBACCO PRODUCTS, HATCHING EGGS, FURS, HIDES, PELTS, SKINS, LEATHER, LEATHER MANUFACTURES, FLOWERS, PLANTS, SEEDS, BULBS, TUBERS, ESSENTIAL OILS, WOOD MANUFACTURES, TEXTILES, WEARING APPAREL, ORES, MINERALS, NON-FERROUS METALS, ARTICLES OF NON-FERROUS METALS, AIRCRAFT PARTS, SURFACE VEHICLES, OFFICE MACHINERY, ELECTRIC EQUIPMENT, ELECTRIC APPLIANCES, ELECTRONIC EQUIPMENT, RECORDS, TAPES, CASSETTES, MACHINERY, TOOLS, CUTLERY, MINING EQUIPMENT, BUILDING EQUIPMENT, CONSTRUCTION EQUIPMENT, CONSTRUCTION MATERIAL, ABRASIVES, ABRASIVE PRODUCTS, CHEMICALS, DRUGS, PHARMACEUTICALS, BIOLOGICALS, COSMETICS, TOILET ARTICLES, RESINS, GUMS, PLASTIC PRODUCTS, RUBBER GOODS, PAINTS, PIGMENT, VARNISHES, PAPER, PRINTED MATTER (INCLUDING PERIODICALS), STATIONERY,PRECISION INSTRUMENTS, OPTICAL GOODS, GLASSWARE, EARTHENWARE, STONEWARE, PORCELAIN, CHINAWARE, TOYS,GAMES, SPORTING GOODS, HANDICRAFTS, SMOKERS REQUISITES"
9736,"CHEMICALS, CHEMICAL PRODUCTS, DRUGS, COSMETICS, PHARMACEUTICALS, ESSENTIAL OILS, RESINS, RUBBER EXCLUDING PLASTIC ARTICLES, TOILET ARTICLES"
9737,PRINTED MATTER
9738,PRINTED MATTER (EXCLUDING NEWSPAPERS)
9741,PIGS
9742,"IMITATION JEWELRY, FANCY NOVELTIES, PERSONAL ORNAMENTS EXCLUDING CLOTH, WEARING APPAREL, TEXTILE ARTICLES, WATCHES, CLOCKS, ARTICLES WHICH CONTAIN ONE OR MORE OF THE ARTICLES LISTED IN RESOLUTION 594"
9743,"CONSTRUCTION EQUIPMENT, BUILDING MATERIAL"
9744,STATIONERY/OFFICE SUPPLIES
9750,"ABRASIVES, ADHESIVE ARTICLES, ADVERTISING MATERIAL (FOR STORE OR WINDOW), AIRCRAFT PARTS, ASBESTOS PRODUCTS, ATHLETIC GOODS, AUTOMOBILE PARTS, BAMBOO ARTICLES, BLINDS, BOATS, BRUSHES, BUCKLES, BUTTONS, CABLE, CELLULOSE, CHINAWARE, CHEMICALS, COSMETICS, COSTUME JEWELRY, DECORATIONS DRAWNWORK, DRUGS, DYESTUFFS, EARTHENWARE, ELECTRIC APPLIANCES, EMBROIDERIES, ENGRAVINGS, ETCHINGS, EYELETS, EYELET HOOKS, FABRICS, FERTILIZERS, FLOOR COVERINGS, FORKS, FURNITURE, GLASS, GLASSWARE, GUMS (ARTIFICIAL), GYPSUM, HANDBAGS, HARDWARE, HIDES, HOUSEHOLD GOODS, HUNTING GUNS, INK, INSTRUMENTS (FOR DENTISTRY, DRAFTING, ENGINEERING, MEASURING, MEDICINE, MUSIC, OPTICS, PHOTOGRAPHY, PROJECTION, SCIENCE, SURGERY, SURVEYING), INSULATING MATERIALS, LACE, LEATHER, LEATHER GOODS, MACHINES, MATCHES, MEDICINES, METAL (EXCLUDING GOLD, SILVER, PLATINUM METAL), BARS, CASTINGS, EXTRUSIONS, FORGINGS, RODS, WIRE, SHEETS, METERS, NEEDLEWORK, OFFICE SUPPLIES, OILS (ANIMAL, VEGETABLE), ORNAMENTS, PAINTINGS, PAINTS, PAPER, PARAPHERNALIA,AMUSEMENTS, EXHIBITION, LODGE SHOW, THEATRE SHOW, PETROLEUM PRODUCTS, PHARMACEUTICALS, PHONOGRAPHS, PIGMENTS, PLASTIC (BARS, FILM, POWDER, ROOL SHEET, TUBES), PLASTIC ARTICLES, PORCELAINWARE, POTTERY, PRINTED MATTER, PURSES, RATTAN ARTICLES (WOVEN), RECORD BLANKS, RECORDING TAPES, REED ARTICLES (WOVEN), RESINS (ARTIFICIAL), RUBBER PRODUCTS, SAFETY EQUIPMENT, SEA SHELLS, SEALS, OIL, SKINS, SLIDE FASTENERS, SMOKERS ACCESSORIES, SNAP FASTENERS, SOAP, STATIONERY, STONES (SEMI-PRECIOUS, ARTIFICIAL, IMITATION), TAPERECORDING, TEXTILES, TEXTILE ARTICLES, THREAD, TILES, TOBACCO PRODUCTS, TOILET PREPARATIONS, TOYS,VARNISH, WALLETS, WATCH BRACELETS, WAXES, WEARING APPAREL (NOT ON RACKS, HANGERS), WIGS, WILLOW ARTICLES (WOVEN), WIRE, WOOD, YARN"
9751,"HAIR, HAIR PRODUCTS, TOUPEES, WIGS, SWITCHES, FALSE EYELASHES, RADIOS, TELEVISIONS, PHONOGRAPHS, ELECTRIC APPLIANCES (AIR-CONDITIONERS,BLANKETS, BLENDERS, COFFEE POTS, TEA POTS, HOT-WATER POTS, PERCOLATORS, GRINDERS, SHARPENERS, CLOCKS, MIXERS, ROASTERS, IRONS, IRONING MACHINES, SEWING MACHINES, GARBAGE DISPOSAL UNITS, REFRIGERATORS, RANGES, DISHWASHER UNITS, OVENS, TOASTERS, DRYERS, POTS, FRYING PANS, GRIDDLES, WAFFLE IRONS, CLEANER FANS, HEATERS), RADIO SETS, TELEVISION SETS, PHONOGRAPH SETS, RECORDERS, COOLERS, LAMPS, LIGHTING FIXTURES, CHAIRS, TRANSMITTING SETS, RECEIVING SETS, MACHINES, MOTORS, MACHINERY, ELECTRIC APPARATUS, GENERATING SETS, ELECTRIC MOTORS, ELECTROMAGNETS, ELECTRON ACCELERATORS, CONDENSERS, TOOLS, PLASTIC HOUSEHOLD ARTICLES (BAGS, BRACKETS, CASES, CANS, CAPS, CLAMPS, CLIPS, COASTERS, COMBS, CUTLERY, BOTTLES, TUBES, COVERS, CURTAINS, DRAPERIES, FRAMES, FLOOR COVERINGS, GASKETS, HANDLES, HANGERS, HOOKS, HOSE, MATS, MOULDS, MOULDING, NETS, SCREEN CLOTH, SHADES, SHEETS, STRAPS, STRAPPING), UPHOLSTERY, FURNITURE HOME SIDING, TOYS, GAME SETS, ATHLETIC GOODS, HANDBAGS, PURSES, WALLETS - OTHER THAN LEATHER -, YARN, THREAD, FIBRES, CLOTH (EXCLUSIVELY IN BALES, BOLTS, PIECES, NOT FURTHER PROCESSED OR MANUFACTURED), WEARING APPAREL, TEXTILE MANUFACTURES"
9752,TEXTILES FIBRES AND MANUFACTURES. METALS AND MANUFACTURES. MACHINERY VEHICLES AND ELECTRICAL EQUIPMENT. NON-METALLIC MINERALS AND MANUFACTURES. CHEMICALS AND RELATED PRODUCTS. PAPER REED RUBBER AND WOOD MANUFACTURES. SCIENTIFIC PROFESSIONAL AND PRECISION INSTRUMENTS APPARATUS AND SUPPLIES EXCLUDING HAZARDOUS MATERIALS AND PERISHABLE PRODUCTS.
9796,"ABRASIVES, ADHESIVES, ADHESIVE ARTICLES, ADVERTISING MATERIAL AIRCRAFT, AMMUNITION, SMALL ARMS, ASBESTOS PRODUCTS, ATHLETIC, GOODS BAMBOO ARTICLES, BEVERAGES, BIOLOGICALS, BLINDS, BOATS, BRUSHES, BUCKLES, BUTTONS, CABLE, CELLULOSE, CHEMICALS, CHINAWARE, CONTAINERS (EMPTY), COSMETICS COSTUME JEWELRY, CUT FLOWERS, DECORATIONS,WERS, DRAWNWORK, DRUGS, DYESTUFFS, EARTHENWARE, EGGS (HATCHING), ELECTRICAL APPLIANCES, EMBROIDERIES, ENGRAVINGS, ETCHINGS, EYELETS, EYELET HOOKS, FABRICS, FERTILIZERS, FILM (PHOTOGRAPHIC OR X-RAY), FIREARMS, FLOOR COVERINGS, FLORAL STOCK, FOODSTUFFS (EXCLUDING LIVE ANIMALS), FORKS FURNITURE (IN CRATES,BOXES), FURS, GASES (COMPRESSED/IN STEEL CYLINDERS, GLASS, GLASSWARE, GRAMAPHONE RECORDS GUMS (ARTIFICIAL), GYPSUM, HAIR, HANDBAGS, HARDWARE, HIDES, INK, INSTRUMENTS (FOR DENTAL, DRAFTING, ENGINEERING, MEASURING, MEDICAL, MUSICAL, OPTICAL, PHOTOGRAPHIC, PROJECTION, SCIENTIFIC, SURGICAL, SURVEYING PURPOSES), INSULATING MATERIALS, LACE, LEATHER, LEATHER GOODS, MACHINES, MATCHES, MEDICINES, METAL (IN BARS, CASTINGS, EXTRUSIONS, FORGINGS, RODS, WIRE, SHEETS (EXCLUDING GOLD, SILVER, PLATINUM), METERS, MICA, NEEDLEWORK, NURSERY STOCK, OFFICE SUPPLIES, OILS (ANIMAL, VEGETABLE), ORES, ORNAMENTS, PAINTINGS, PAINTS, PAPER, PARACHUTES, PARAPHERNALIA AMUSEMENTS, EXHIBITION, LODGE SHOW, THEATRE SHOW, PELTS, PERFUMES, PETROLEUM PRODUCTS PHARMACEUTICALS, PIGMENTS, PLASTIC (IN BARS, FILM, POWDER, ROLL, SHEET, TUBES), PLASTIC ARTICLES, PORCELAINWARE, POTTERY, PRINTED MATTER, PURSES, RATTAN ARTICLES (WOVEN), RECORDING TAPES, RECORD PLAYERS, REED ARTICLES (WOVEN), RESINS (ARTIFICIAL), RUBBER PRODUCTS, SAFETY EQUIPEMENT, SEA FLORA, SEA SHELLS, SEALS, OIL, SKINS, SLIDE FASTENERS, SMOKERS ACCESSORIES, SNAP FASTENERS, SOAP, SPICES, STATIONERY, STONES (SEMI-PRECIOUS, ARTIFICIAL, IMITATION), TEXTILES, TEXTILE ARTICLES, THREAD, TILES, TOBACCO PRODUCTS, TOILET PREPARATIONS, TOYS, VARNISH, OILS (VEGETABLE), WALLETS, WATCH BRACELETS, WAXES, WEARING APPAREL (NOT ON RACKS OR HANGERS), WILLOW ARTICLES (WOVEN), WIRE, WOOD, YARN, YEAST (BREWER?S)"
9797,"ABRASIVES, ADHESIVES, ADHESIVE ARTICLES, ADVERTISING MATERIAL, AIRCRAFT, AMMUNITION, SMALL ARMS, OILS (ANIMAL), ASBESTOS PRODUCTS, ATHLETIC GOODS, AUTOMOBILES, BAMBOO ARTICLES, BEVERAGES, BIOLOGICALS, BLINDS, BOATS, BRUSHES, BUCKLES, BUTTONS, CABLE, CELLULOSE, CHEMICALS, CHINAWARE, CONTAINERS (EMPTY), COSMETICS, COSTUME JEWELRY, CUT FLOWERS, DECORATIONS, DRAWNWORK, DRUGS, DYESTUFFS, EARTHENWARE, EGGS (HATCHING), ELECTRICAL APPLIANCES, EMBROIDERIES, ENGRAVINGS, ETCHINGS, EYELETS, EYELET HOOKS, FABRICS, FERTILIZERS, FILM (PHOTOGRAPHIC OR X-RAY), FIREARMS, FLOOR COVERINGS, FLORAL STOCK, FOODSTUFFS (EXCLUDING LIVE ANIMALS), FORKS, FURNITURE (IN CRATES, BOXES), FURS, GASES (COMPRESSED/IN STEEL CYLINDERS), GLASS, GLASSWARE, GRAMAPHONE RECORDS, GUMS (ARTIFICIAL), GYPSUM, HAIR, HANDBAGS, HARDWARE, HIDES, INK, INSTRUMENTS (FOR DENTAL, DRAFTING, ENGINEERING, MEASURING, MEDICAL, MUSICAL, OPTICAL, PHOTOGRAPHIC, PROJECTION, SCIENTIFIC, SURGICAL, SURVEYING PURPOSES), INSULATING MATERIALS, LACE, LEATHER, LEATHER GOODS, MACHINES, MATCHES, MEDICINES, METAL (IN BARS, CASTINGS, EXTRUSIONS, FORGINGS, RODS, WIRE, SHEETS/EXCLUDING GOLD, SILVER, PLATINUM), METERS, MICA, NEEDLEWORK, NURSERY STOCK, OFFICE SUPPLIES, OILS (ANIMAL, VEGETABLE), ORES, ORNAMENTS, PAINTINGS, PAINTS, PAPER, PARACHUTES, PARAPHERNALIA, AMUSEMENTS, EXHIBITION, LODGE SHOW, THEATRE SHOW, PELTS, PERFUMES, PETROLEUM PRODUCTS, PHARMACEUTICALS, PIGMENTS, PLASTIC (IN BARS, FILM, POWDER, ROLL, SHEET, TUBES), PLASTIC ARTICLES, PORCELAINWARE, POTTERY, PRINTED MATTER, PURSES, RATTAN ARTICLES (WOVEN), RECORDING TAPES, REED ARTICLES, WOVEN, RESINS (ARTIFICIAL), RUBBER PRODUCTS, SAFETY EQUIPEMENT, SEA FLORA, SEA SHELLS, SEALS, OIL, SKINS, SLIDE FASTENERS, SMOKERS ACCESSORIES, SNAP FASTENERS, SOAP, SPICES, STATIONERY, STONES (SEMI-PRECIOUS, ARTIFICIAL, IMITATION), SURFACE VEHICLES (SELF-PROPELLED, BOXED OR CRATED), TEXTILES, TEXTILE ARTICLES, THREAD, TILES, TOBACCO PRODUCTS, TOILET PREPARATIONS, TOYS, VARNISH, OILS (VEGETABLE), WALLETS, WATCH BRACELETS, WAXES, WEARING APPAREL (NOT ON RACKS OR HANGERS), WILLOW ARTICLES (WOVEN), WIRE, WOOD, YARN, YEAST (BREWER?S)"
9798,"ABRASIVES, ADHESIVES, ADHESIVE ARTICLES, ADVERTISING MATERIAL, AIRCRAFT PARTS, OILS (ANIMAL), ASBESTOS PRODUCTS, ATHLETIC GOODS, AUTOMOBILES, BAMBOO ARTICLES, BEVERAGES, BLINDS, BOATS, BRUSHES, BUCKLES, BUTTONS, CABLE, CELLULOSE, CHEMICALS, CHINAWARE, COSMETICS, COSTUME JEWELRY, CUT FLOWERS, DECORATIONS, DRAWNWORK, DRUGS, DYESTUFFS, EARTHENWARE, EGGS (HATCHING), ELECTRICAL APPLIANCES, EMBROIDERIES, ENGRAVINGS, ETCHINGS, EYELETS, EYELET HOOKS, FABRICS, FERTILIZERS, FLOOR COVERINGS, FLORAL STOCK, FOODSTUFFS (EXCLUDING LIVE ANIMALS), FORKS, FURNITURE (IN CRATES, BOXES), GLASS, GLASSWARE, GRAMAPHONE RECORDS, GUMS (ARTIFICIAL), GYPSUM, HANDBAGS, HARDWARE, HIDES, HOUSEHOLD GOODS, HUNTING GUNS, INK, INSTRUMENTS (FOR DENTAL, DRAFTING, ENGINEERING, MEASURING, MEDICAL, MUSICAL, OPTICAL, PHOTOGRAPHIC, PROJECTION, SCIENTIFIC, SURGICAL, SURVEYING PURPOSES), INSULATING MATERIALS, LACE, LEATHER, LEATHER GOODS, MACHINES, MATCHES, MEDICINES, METAL (IN BARS, CASTINGS, EXTRUSIONS, FORGINGS, RODS, WIRE, SHEETS/EXCLUDING GOLD, SILVER, PLATINUM), METERS, NEEDLEWORK, NURSERY STOCK, OFFICE SUPPLIES, OILS (ANIMAL, VEGETABLE), ORNAMENTS, PAINTINGS, PAINTS, PAPER, PARAPHERNALIA, AMUSEMENTS, EXHIBITION, LODGE SHOW, THEATRE SHOW, PETROLEUM PRODUCTS, PHARMACEUTICALS, PIGMENTS, PLASTIC (IN BARS, FILM, POWDER, ROLL, SHEET, TUBES), PLASTIC ARTICLES, PORCELAINWARE, POTTERY, PRINTED MATTER, PURSES, RATTAN ARTICLES (WOVEN), RECORDING TAPES, RECORD PLAYERS, REED ARTICLES (WOVEN), RESINS (ARTIFICIAL), RUBBER PRODUCTS, SAFETY EQUIPMENT, SEA FLORA, SEA SHELLS, SEALS, OIL, SKINS, SLIDE FASTENERS, SMOKERS ACCESSORIES, SNAP FASTENERS, SOAP, SPICES, STATIONERY, STONES (SEMI-PRECIOUS, ARTIFICIAL, IMITATION), TEXTILES, TEXTILE ARTICLES, THREAD, TILES, TOBACCO PRODUCTS, TOILET PREPARATIONS, TOYS, VARNISH, OILS (VEGETABLE), WALLETS, WATCH BRACELETS, WAXES, WEARING APPAREL (NOT ON RACKS OR HANGERS), WIGS, WILLOW ARTICLES (WOVEN), WOOD, YARN, YEAST (BREWER?S)"
9799,"ABRASIVES, ADHESIVES, ADHESIVE ARTICLES, ADVERTISING MATTER, AIRCRAFT (MODELS), AIRCRAFT PARTS, AMMUNITION, SMALL ARMS, ASBESTOS PRODUCTS, ATHLETIC GOODS, AUTOMOBILE PARTS, BIOLOGICALS, BOATS, BRUSHES, CABLE, CANDY, CELLULOSE ACETATE, CHINAWARE, EARTHENWARE, PORCELAINWARE - HAVING A DECLARED VALUE NOT OVER 50 CENTS A POUND -,CHEMICALS, CIGARS, CIGARETTES, CLAY POTTERY, CLOCKS, CLOTH, CLOTHING, CONFECTIONERS? SUGAR, CONFECTIONARY, CAKES, COOKIES, ICE CREAM, SYRUP, CONTAINERS (EMPTY), COSMETICS, COSTUME JEWELRY (NOT VALUABLE CARGO), CUT FLOWERS, CUTLERY, DAIRY PRODUCTS, DECORATIONS, ORNAMENTS, INSTRUMENTS (FOR DENTAL, SURGICAL, MEDICAL PURPOSES), DRAWNWORK, NEEDLEWORK, EMBROIDERIES, LACE, DRUGS, DYESTUFFS, EGGS (HATCHING), ELECTRIC APPLIANCES, ELECTRIC MACHINES, FASTENERS, FERTILIZERS, FILM (PHOTOGRAPHIC, X-RAY), FIREARMS, FLOOR COVERINGS, FLORISTS STOCK, FOOD (EXCLUDING LIVE ANIMALS), FOODSTUFFS, SPICES, BEVERAGES, FOOTWEAR, FRUITS, BERRIES - FRESH, FROZEN, CANNED -, FURNITURE (IN CRATES OR BOXES), FURS, HIDES, PELTS, SKINS, GASES (COMPRESSED/IN STEEL CYLINDERS), GLASS, GLASSWARE, GRAMAPHONE RECORDS, GUAGES, GUMS, RESINS - ARTIFICIAL -, GYPSUM, HAIR, HANDBAGS, HARDWARE, HEATING EQUIPMENT, INK, INSULATING MATERIALS, LEATHER, LEATHER GOODS, MACHINES, MATCHES, MEDICINES, METAL (IN BARS, CASTINGS, EXTRUSIONS, FORGINGS, RODS, WIRE, SHEETS/EXCLUDING GOLD, SILVER, PLATINUM), METERS, MICA, MUSICAL INSTRUMENTS, NURSERY STOCK, OFFICE SUPPLIES, OILS (ANIMAL, VEGETABLE), OPTICAL INSTRUMENTS, ORES, PAINTING, ETCHINGS, ENGRAVINGS - HAVING A DECLARED VALUE NOT OVER 50 CENTS PER POUND -, PAINTS, PIGMENTS, VARNISHES, THINNERS, PAPER, PARACHUTES, PARAPHERNALIA, AMUSEMENTS, EXHIBITION, LODGE SHOW, THEATRE SHOW, PENCILS, PENS, PERFUMES, PETROLEUM PRODUCTS, PHARMACEUTICALS, PHOTOGRAPHIC INSTRUMENTS, PROJECTION INSTRUMENTS, PLASTICS (IN BARS, FILM, POWDER, ROLL, SHEET, TUBES), PLASTIC ARTICLES, PRECISION INSTRUMENTS, PRINTED MATTER, PRINTING EQUIPMENT, PURSES, RECORDING TAPE, RUBBER PRODUCTS, SAFETY EQUIPMENT, SCIENTIFIC INSTRUMENTS, SEA FLORA, SEA SHELLS, SEALS, RETAINERS (FOR OIL, GREASE, FLUID), SMOKER?S ACCESSORIES, SOAP, STATIONERY, STONES (SEMI-PRECIOUS, ARITIFICIAL, IMITATION/HAVING A DECLARED VALUE NOT OVER 50 CENTS PER POUND), SURFACE VEHICLES (BOXED, CRATED), SURVEYING EQUIPMENT, TEXTILE ARTICLES, TILES, TOBACCO, TOILET PREPARATIONS, TOYS, VEGETABLES (FRESH, EDIBLE, CANNED, COLDPACK, FROZEN), VENETIAN BLINDS, WALLETS, WATCHES (NOT VALUABLE CARGO), WATCH BRACELETS (NOT VALUABLE CARGO), WAXES, WEARING APPAREL (NOT ON RACKS OR HANGERS), WIRE, WOOD, WOVEN ARTICLES (MADE OF BAMBOO, RATTAN, REED, WILLOW), YARN, THREAD, YEAST (BREWER?S)"
9910,FURNITURE
9911,"FURNITURE (EXCLUDING PAINTINGS, ENGRAVINGS, OBJECTS OF ART)"
9930,"NUCLEAR REACTOR PARTS (INCLUDING HEAT EXCHANGERS, CONTROL RODS, INSTRUMENTATION PUMPS, VALVES, REMOTE HANDLING GEAR), FUEL, FUEL RAW MATERIALS, INTERMEDIATE FUEL PRODUCTS"
9935,"NUCLEAR REACTOR FUEL CONTAINERS, FUEL RAW MATERIAL CONTAINERS - EMPTY -"
9940,GOVERNMENT POST EXCHANGE MATERIAL
9942,GOVERNMENT OWNED STORES (INCLUDING SUPPLIES)
9945,"DIPLOMATIC CARGO, DIPLOMATIC MAIL"
9947,DIPLOMATIC POUCHES
9960,"SHIPMENTS OF ICI, ITS SUBSIDIARIES AND ASSOCIATE COMPANIES"
9971,"HOSPITAL SUPPLIES (CLOTHING, DRESSINGS, MEDICINES, PHARMACEUTICALS, MEDICAL TOOLS, LABORATORY EQUIPMENT)"
9972,"OIL RESEARCH AND DRILLING EQUIPMENT, SUPPLIES AND ACCESSORIES"
9973,"BUILDING MATERIAL, BUILDING TOOLS, FIXTURES, FITTINGS"
9974,EXPEDITION MATERIAL
9981,"GOODS CONSIGNED TO AMBASSADORS, LEGATIONS, CONSULS OR OTHER OFFICIAL HEADS OF MISSIONS OR AGENCIES OF FOREIGN GOVERNMENTS"
9984,"HOUSEHOLD FURNITURE, KITCHEN EQUIPMENT - USED - EXCLUDING PERSONAL EFFECTS"
9986,"UNACCOMPANIED BAGGAGE, PERSONAL EFFECTS (NOT FOR RESALE)"
9989,"PLANTS, FLOWERS, BULBS, SEEDS, FLORAL STOCKS, NURSERY STOCKS, DISPLAY MATERIALS - FOR EXPO USE ONLY, NOT FOR RESALE"
9991,"BUILDING MATERIAL, DISPLAY MATERIAL - FOR EXHIBITIONS OR TRADE FAIRS -"
9993,"A: HOUSEHOLD GOODS (USED/NOT FOR RESALE)
B: WEARING APPAREL, COSMETICS, TOILET ARTICLES, ARTICLES WORN BY AN INDIVIDUAL - USED, NOT FOR RESALE/WHEN IN MIXED SHIPMENTS WITH THE COMMODITIES NAMED IN A: ABOVE -"
9994,"HOUSEHOLD GOODS, PERSONAL EFFECTS - OF AN INDIVIDUAL OR A FAMILY MAKING A CHANGE OF RESIDENCE -
A: HOUSEHOLD GOODS (USED/NOT FOR RESALE)
B: WEARING APPAREL, COSMETICS, TOILET ARTICLES, ARTICLES WORN BY AN INDIVIDUAL - USED, NOT FOR RESALE/WHEN IN MIXED SHIPMENTS WITH THE COMMODITY NAMED IN A: ABOVE -"
9995,"WEARING APPAREL, COSMETICS, TOILET ARTICLES, ARTICLES USED BY AN INDIVIDUAL - NOT FOR RESALE -"
9996,"HOUSEHOLD GOODS AND PERSONAL EFFECTS, USED"
9998,"HOUSEHOLD GOODS, PERSONAL EFFECTS - OF AN INDIVIDUAL OR FAMILY/NOT FOR RESALE"
9999,"ABRASIVES, NAMELY GRINDING WHEELS AND POLISHING DISCS; ADHESIVES AND ADHESIVE ARTICLES, NAMELY GLUE, PASTE, GUMMED OR ADHESIVE TAPE; ADVERTISING MATTER, STORE OR WINDOW; AIRCRAFT, MODELS AND PARTS THEREOF; AIRCRAFT PARTS; AMMUNITION, SMALL ARMS; APPAREL, WEARING, NOT ON RACKS OR HANGERS; ASBESTOS PRODUCTS, NAMELY CLOTH, PAPER, PIPE, TUBING, ROPE, SHEETS, PADS, WASHERS, WICKS; ATHLETIC GOODS; AUTOMOBILE PARTS, N.E.S; BIOLOGICALS, NAMELY WHOLE BLOOD PLASMA, SERUMS, VACCINES; BOATS AND PARTS THEREOF; BOOKS; BRUSHES; CABLE; CANDY; CELLULOSE ACETATE; CHINAWARE, EARTHENWARE OR PORCELAINWARE, HAVING A DECLARE VALUE NOT OVER 50 CENTS A POUND; CHEMICALS, N.E.S.; CIGARS; CIGARETTES; CLAY POTTERY; CLOCKS; CLOTH; CLOTHING, N.E.S.; CONFECTIONERS? SUGAR; CONFECTIONARY, NAMELY CAKES, COOKIES, ICE CREAM, SYRUP, N.E.S.; CONTAINERS, EMPTY, NAMELY BOTTLES, BOXES, CANS, TUBES; COSMETICS; COSTUME JUWELRY; CUT FLOWERS; CUTLERY, NAMELY FORKS; DAIRY PRODUCTS; DECORATIONS OR ORNAMENTS, CHRISTMAS OR HOLIDAY; DENTAL, SURGICAL OR MEDICAL INSTRUMENTS AND PARTS THEREOF; DRAWNWORK, NEEDLEWORK, EMBROIDERIES OR LACE; DRUGS; DYESTUFFS; EGGS, HATCHING; ELECTRICAL APPLIANCES; ELECTRICAL MACHINES, NAMELY MACHINES OPERATED BY ELECTRICAL MOTORS AND SUCH MOTORS ARE AN INTEGRAL PART THEREOF, ALSO PARTS OF ELECTRICAL MACHINES; ELECTRONIC MACINES, NAMELY MACHINES DEPENDENT UPON ELECTRONIC TUBES FOR THEIR OPERATION AND SUCH TUBES ARE AN INTEGRAL PART THEREOF, ALSO PARTS OF ELECTRONIC MACHINES; FASTENERS, NAMELY BUCKLES, BUTTONS, SLIDE, SNAP, EYELET OR EYELET HOOK; FERTILIZERS; FILM, PHOTOGRAPHIC OR X-RAY; FIREARMS; FLOOR COVERINGS, NAMELY CARPETS, CARPET PADDING, LINEOLEUM, MATS, RUGS, TILES; FLORISTS STOCK, NAMELY BULBS, TUBERS, GROWING PLANTS AND ROOTED CUTTINGS; FOOD, FOODSTUFFS, SPICES OR BEVERAGES, N.E.S., EXCLUDING LIVE ANIMALS; FOOTWEAR FRUITS OR BERRIES, FRESH, FROZEN OR CANNED, N.E.S.; FURNITURE, IN CRATES OR BOXES; FURS, HIDES, PELTS OR SKINS; GASES, COMPRESSED, IN STEEL CYLINDERS, NAMELY HELIUM, HYDROGEN, OXYGEN, CARBON DIOXIDE, NITROGEN, NEON, PROPANE; GLASS OR GLASSWARE;GAUGES; GUMS OR RESINS, SYNTHETIC; GYPSUM; HAIR; HANDBAGS; HARDWARE, N.E.S.; HEATING EQUIPMENT, NAMELY BOILERS FURNACES, HEATERS, RADIATORS, STOVES OR PARTS THEREOF; INK; INSULATING MATERIALS, NAMELY GLASS WOOL, ROCK WOOL, SLAG WOOL OR VERMICULITE; LEATHER; LEATHER GOODS, NAMELY ANIMAL COLLARS, BAGS BELTS AND BELTING, BOOKBINDING AND BOOKBINDING COVERS, BOOKCOVERS AND HOLDERS, BUFFING STICKS, CASES,FLANGE PACKINGS, GASKETS, HANDLES, HARNESSES, LACINGS, LEASHES AND MUZZLES, VALISES (EMPTY),PADS, PICTURE FRAMES, POCKETBOOKS AND PURSES, SADDLES, STRAPS AND STRAPPING, TAG HOLDERS, TOOL AND WEAPON HOLSTERS, WALLETS AND BILLFOLDS, WASHERS, WELTING, WHIPS; MACHINES OR MACHINE PARTS, N.E.S.,MAGAZINES; MATCHES; MEDICINES; METALS (EXCLUDING GOLD, SILVER AND PLATINUM) IN THE FOLLOWING FORMS: BARS, CASTINGS, FORGINGS, RODS AND SHEETS; METERS; MICA; MUSICAL INSTRUMENTS, NURSERY STOCK, NAMELY TREES, SHRUBS OR VINES GROWN IN THE FIELD, EXCLUDING GROWING PLANTS AND ROOTED CUTTINGS; OFFICE SUPPLIES, NAMELY MIMEOGRAPH STENCILS, LITHOGRAPHIC MASTERS, PAPER CLIPS, STAPLES, STENCIL CORRECTION FLUID; OILS, ANIMAL OR VEGETABLE; OPTICAL INSTRUMENTS; ORES; PAINTINGS, ETCHINGS OR ENGRAVINGS HAVING A DECLARED VALUE NOT OVER 50 CENTS PER POUND; PAINTS, PIGMENTS, VARNISHES OR THINNERS; PAPER; PARACHUTES; PARAPHERNALIA, AMUSEMENT, EXHIBITION, LODGE, SHOW OR THEATER; PENCILS; PENS OR PARTS THEREOF, PERFUMES, PERIODICALS; PETROLEUM PRODUCTS, NAMELY GREASE, JELLY, OIL, SOLVENT, WAX; PHARMACEUTICALS; PHOTOGRAPHIC OR PROJECTION INSTRUMENTS; PIPES OR SMOKERS ACCESSORIES, NAMELY ASHTRAYS, CIGAR AND CIGARETTE HOLDERS, FILTERS, LIGHTERS WITHOUT FUEL, CASES, BOXES AND HUMIDORS, PIPE RACKS, PIPES OR PARTS THEREOF, PIPE CLEANERS OR REAMERS, TOBACCO POUCHES OR MOISTENERS OR LINERS; PLASTICS IN THE FOLLOWING FORMS: BARS, FILM, POWDER, ROLL, SHEET, TUBES; PLASTIC ARTICALS, N.E.S., NAMELY BAGS, BRACKETS, CASES, CASTINGS, CANS, CAPS, CLAMPS, CLIPS, CASTERS, COASTERS, COMBS, CUTLERY, CONTAINERS, COVERS, CURTAINS, DRAPERIES, FRAMES, FLOOR COVERINGS, GASKETS, HANDLES, HANGERS, HOOKS, HOSE, LEGS, MATS, MOULDS, MOULDING, SCREEN CLOTH, SHADES, SHEETS, STRAPS AND STRAPPING, TABLE COVERINGS, TARPAULIN, UPHOLSTERY; PRECISION INSTRUMENTS, NAMELY DENTAL, MEDICAL, SURGICAL, ENGINEERING, SURVEYING, DRAFTING; PRINTED MATTER, EXCLUDING BOOKS, MAGAZINES, PERIODICALS, AND ADVERTISING MATTER; PRINTING EQUIPMENT, NAMELY BASES, DRYING RACKS, FORM RACKS, LEADS OR SLUGS, LETTER BOARDS, PLATES OR SHELLS, PRESS BOARDS, PRINTERS? MATS, PRINTERS? RULES, TYPE, METAL, PLASTIC, RUBBER OR WOODEN; PURSES, N.E.S.; RECORD BLANKS, PHONOGRAPH; RECORDS, PHONOGRAPH, N.E.S.; RUBBER PRODUCTS, N.E.S., NAMELY BAGS, BELTS BATH PLUGS, BOTTLE STOPPERS, HOSE AND TUBING, MATS, NURSING BOTTLE NIPPLES, PLUGS, PNEUMATIC TIRES, INNER TUBES AND PATCHES, RUBBER AND RUBBERIZED PIECE GOODS, FABRICS AND SHEETING, RUBBER GLOVES, RUBBER HEELS AND SOLES, SPONGE OR FOAM RUBBER, WASHERS, WATER BOTTLES; SAFETY EQUIPMENT, NAMELY CLIMBER GUARDS, EAR DRUM PROTECTORS, EAR GUARDS, EYE SHIELDS, FACE SHIELDS, GOGGLES, HEADGEAR, WELDING HELMETS, HELMETS, HOODS, (SPRAY PAINTING), KNUCKLE GUARDS, LIFE JACKETS, LIFE PRESERVERS, LINESMEN?S BODY BELTS, LINESMEN?S CLIMBERS, MASKS; SCIENTIFIC INSTRUMENTS, NAMELY GEIGER COUNTERS, MICROSCOPES; SEA FLORA; SEA SHELLS; SEALS, OIL, GREASE OR FLUID RETAINERS; SOAP; STATIONERY; STONES, SEMI-PRECIOUS, SYNTHETIC OR IMITATION, HAVING A DECLARED VALUE NOT OVER 50 CENTS PER POUND; SURVEYING EQUIPMENT, NAMELY LEVELS, LEVELING RODS, MARKERS, SIGHT POLES, STAKES, TRIPODS, TRANSITS; TAPE, RECORDING, N.E.S.; TEXTILE ARTICLES, NAMELY AWNINGS, BAGS, BANDAGING, BATTING, BED CLOTHES, BELTING, CURTAINS, DRAPERIES, FLOOR COVERINGS, FURNITURE COVERINGS, HAMMOCKS, NAPKINS, NETTING, PADDING, TABLE COVERINGS, TENTS, TOWELING; TILES, N.E.S.; TOBACCO; TOILET PREPARATIONS; TOYS; VEGETABLES, FRESH, EDIBLE, CANNED, COLD-PACK OR FROZEN, N.E.S.; SURFACE VEHICLES, BOXED OR CRATED; VENETIAN BLINDS OR PARTS THEREOF; WALLETS, N.E.S.; WATCHES; WATCH BRACELETS; WAXES; WIRE; WOOD; WOVEN BAMBOO, RATTAN, REED, WILLOW ARTICLES, NAMELY BLINDS, CURTAINS, ROOM DIVIDERS, DRAPERIES, SCREENS, SHADES; YARN OR THREAD; YEAST, BREWER?S"
